/*
Navicat MySQL Data Transfer

Source Server         : myLink
Source Server Version : 50533
Source Host           : localhost:3306
Source Database       : yyf_news_server

Target Server Type    : MYSQL
Target Server Version : 50533
File Encoding         : 65001

Date: 2017-05-06 15:25:11
*/

SET FOREIGN_KEY_CHECKS=0;

-- ----------------------------
-- Table structure for `comment`
-- ----------------------------
DROP TABLE IF EXISTS `comment`;
CREATE TABLE `comment` (
  `id` int(11) NOT NULL AUTO_INCREMENT,
  `newsId` int(11) NOT NULL,
  `userId` int(11) NOT NULL,
  `date` datetime NOT NULL,
  `comment` varchar(255) NOT NULL,
  PRIMARY KEY (`id`),
  KEY `newsId` (`newsId`),
  KEY `userId` (`userId`),
  CONSTRAINT `comment_ibfk_2` FOREIGN KEY (`userId`) REFERENCES `user` (`id`) ON DELETE CASCADE ON UPDATE CASCADE,
  CONSTRAINT `comment_ibfk_1` FOREIGN KEY (`newsId`) REFERENCES `news` (`id`) ON DELETE CASCADE ON UPDATE CASCADE
) ENGINE=InnoDB AUTO_INCREMENT=133 DEFAULT CHARSET=utf8;

-- ----------------------------
-- Records of comment
-- ----------------------------
INSERT INTO `comment` VALUES ('1', '1', '1', '2017-05-04 12:25:37', '评论');
INSERT INTO `comment` VALUES ('2', '1', '1', '2017-05-04 12:25:37', '评论');
INSERT INTO `comment` VALUES ('3', '1', '1', '2017-05-04 12:25:37', '评论');
INSERT INTO `comment` VALUES ('4', '1', '1', '2017-05-04 12:26:01', '评论');
INSERT INTO `comment` VALUES ('5', '1', '1', '2017-05-04 12:26:01', '评论');
INSERT INTO `comment` VALUES ('6', '1', '1', '2017-05-04 12:25:37', '评论');
INSERT INTO `comment` VALUES ('7', '1', '1', '2017-05-04 12:26:01', '评论');
INSERT INTO `comment` VALUES ('8', '1', '1', '2017-05-04 12:25:37', '评论');
INSERT INTO `comment` VALUES ('9', '1', '1', '2017-05-04 12:26:01', '评论');
INSERT INTO `comment` VALUES ('10', '1', '1', '2017-05-04 12:25:37', '评论');
INSERT INTO `comment` VALUES ('11', '1', '2', '2017-05-04 12:25:37', '评论');
INSERT INTO `comment` VALUES ('12', '1', '2', '2017-05-04 12:26:01', '评论');
INSERT INTO `comment` VALUES ('13', '1', '2', '2017-05-04 12:25:37', '评论');
INSERT INTO `comment` VALUES ('14', '1', '2', '2017-05-04 12:26:01', '评论');
INSERT INTO `comment` VALUES ('15', '1', '2', '2017-05-04 12:25:37', '评论');
INSERT INTO `comment` VALUES ('16', '1', '2', '2017-05-04 12:26:01', '评论');
INSERT INTO `comment` VALUES ('17', '1', '2', '2017-05-04 12:25:37', '评论');
INSERT INTO `comment` VALUES ('18', '1', '2', '2017-05-04 12:25:37', '评论');
INSERT INTO `comment` VALUES ('19', '1', '2', '2017-05-04 12:26:01', '评论');
INSERT INTO `comment` VALUES ('20', '1', '2', '2017-05-04 12:25:37', '评论');
INSERT INTO `comment` VALUES ('21', '1', '1', '2017-05-04 12:26:01', '评论');
INSERT INTO `comment` VALUES ('22', '1', '1', '2017-05-04 12:25:37', '评论');
INSERT INTO `comment` VALUES ('23', '1', '1', '2017-05-04 12:26:01', '评论');
INSERT INTO `comment` VALUES ('24', '1', '1', '2017-05-04 12:25:37', '评论');
INSERT INTO `comment` VALUES ('25', '1', '1', '2017-05-04 12:25:37', '评论');
INSERT INTO `comment` VALUES ('26', '1', '1', '2017-05-04 12:26:01', '评论');
INSERT INTO `comment` VALUES ('27', '1', '1', '2017-05-04 12:25:37', '评论');
INSERT INTO `comment` VALUES ('28', '1', '1', '2017-05-04 12:26:01', '评论');
INSERT INTO `comment` VALUES ('29', '1', '1', '2017-05-04 12:25:37', '评论');
INSERT INTO `comment` VALUES ('30', '1', '1', '2017-05-04 12:26:01', '评论');
INSERT INTO `comment` VALUES ('31', '1', '2', '2017-05-04 12:25:37', '评论');
INSERT INTO `comment` VALUES ('32', '1', '2', '2017-05-04 12:25:37', '评论');
INSERT INTO `comment` VALUES ('33', '1', '2', '2017-05-04 12:26:01', '评论');
INSERT INTO `comment` VALUES ('34', '1', '2', '2017-05-04 12:25:37', '评论');
INSERT INTO `comment` VALUES ('35', '1', '2', '2017-05-04 12:26:01', '评论');
INSERT INTO `comment` VALUES ('36', '1', '2', '2017-05-04 12:25:37', '评论');
INSERT INTO `comment` VALUES ('37', '1', '2', '2017-05-04 12:26:01', '评论');
INSERT INTO `comment` VALUES ('38', '1', '2', '2017-05-04 12:25:37', '评论');
INSERT INTO `comment` VALUES ('39', '1', '2', '2017-05-04 12:25:37', '评论');
INSERT INTO `comment` VALUES ('40', '1', '2', '2017-05-04 12:26:01', '评论');
INSERT INTO `comment` VALUES ('41', '1', '2', '2017-05-04 12:25:37', '评论');
INSERT INTO `comment` VALUES ('42', '1', '2', '2017-05-04 12:26:01', '评论');
INSERT INTO `comment` VALUES ('43', '1', '2', '2017-05-04 12:25:37', '评论');
INSERT INTO `comment` VALUES ('44', '1', '2', '2017-05-04 12:26:01', '评论');
INSERT INTO `comment` VALUES ('45', '1', '2', '2017-05-04 12:25:37', '评论');
INSERT INTO `comment` VALUES ('46', '1', '2', '2017-05-04 12:25:37', '评论');
INSERT INTO `comment` VALUES ('47', '1', '2', '2017-05-04 12:26:01', '评论');
INSERT INTO `comment` VALUES ('48', '1', '2', '2017-05-04 12:25:37', '评论');
INSERT INTO `comment` VALUES ('49', '1', '2', '2017-05-04 12:26:01', '评论');
INSERT INTO `comment` VALUES ('50', '1', '2', '2017-05-04 12:25:37', '评论');
INSERT INTO `comment` VALUES ('51', '1', '2', '2017-05-04 12:26:01', '评论');
INSERT INTO `comment` VALUES ('52', '1', '2', '2017-05-04 12:25:37', '评论');
INSERT INTO `comment` VALUES ('53', '1', '2', '2017-05-04 12:25:37', '评论');
INSERT INTO `comment` VALUES ('54', '1', '2', '2017-05-04 12:26:01', '评论');
INSERT INTO `comment` VALUES ('55', '1', '2', '2017-05-04 12:25:37', '评论');
INSERT INTO `comment` VALUES ('56', '1', '2', '2017-05-04 12:26:01', '评论');
INSERT INTO `comment` VALUES ('57', '1', '2', '2017-05-04 12:25:37', '评论');
INSERT INTO `comment` VALUES ('58', '1', '2', '2017-05-04 12:26:01', '评论');
INSERT INTO `comment` VALUES ('59', '1', '2', '2017-05-04 12:25:37', '评论');
INSERT INTO `comment` VALUES ('60', '1', '2', '2017-05-04 12:25:37', '评论');
INSERT INTO `comment` VALUES ('61', '2', '2', '2017-05-04 12:26:01', '评论');
INSERT INTO `comment` VALUES ('62', '2', '2', '2017-05-04 12:25:37', '评论');
INSERT INTO `comment` VALUES ('63', '2', '2', '2017-05-04 12:26:01', '评论');
INSERT INTO `comment` VALUES ('64', '2', '2', '2017-05-04 12:25:37', '评论');
INSERT INTO `comment` VALUES ('65', '2', '2', '2017-05-04 12:26:01', '评论');
INSERT INTO `comment` VALUES ('66', '2', '2', '2017-05-04 12:25:37', '评论');
INSERT INTO `comment` VALUES ('67', '2', '2', '2017-05-04 12:25:37', '评论');
INSERT INTO `comment` VALUES ('68', '2', '2', '2017-05-04 12:26:01', '评论');
INSERT INTO `comment` VALUES ('69', '2', '2', '2017-05-04 12:25:37', '评论');
INSERT INTO `comment` VALUES ('70', '2', '2', '2017-05-04 12:26:01', '评论');
INSERT INTO `comment` VALUES ('71', '2', '2', '2017-05-04 12:25:37', '评论');
INSERT INTO `comment` VALUES ('72', '2', '2', '2017-05-04 12:26:01', '评论');
INSERT INTO `comment` VALUES ('73', '2', '2', '2017-05-04 12:25:37', '评论');
INSERT INTO `comment` VALUES ('74', '2', '2', '2017-05-04 12:26:01', '评论');
INSERT INTO `comment` VALUES ('75', '2', '2', '2017-05-04 12:25:37', '评论');
INSERT INTO `comment` VALUES ('76', '2', '2', '2017-05-04 12:25:37', '评论');
INSERT INTO `comment` VALUES ('77', '2', '2', '2017-05-04 12:26:01', '评论');
INSERT INTO `comment` VALUES ('78', '2', '2', '2017-05-04 12:25:37', '评论');
INSERT INTO `comment` VALUES ('79', '2', '2', '2017-05-04 12:26:01', '评论');
INSERT INTO `comment` VALUES ('80', '2', '2', '2017-05-04 12:25:37', '评论');
INSERT INTO `comment` VALUES ('81', '2', '2', '2017-05-04 12:26:01', '评论');
INSERT INTO `comment` VALUES ('82', '2', '2', '2017-05-04 12:25:37', '评论');
INSERT INTO `comment` VALUES ('83', '2', '2', '2017-05-04 12:25:37', '评论');
INSERT INTO `comment` VALUES ('84', '2', '2', '2017-05-04 12:26:01', '评论');
INSERT INTO `comment` VALUES ('85', '2', '2', '2017-05-04 12:25:37', '评论');
INSERT INTO `comment` VALUES ('86', '2', '2', '2017-05-04 12:26:01', '评论');
INSERT INTO `comment` VALUES ('87', '2', '2', '2017-05-04 12:25:37', '评论');
INSERT INTO `comment` VALUES ('88', '2', '2', '2017-05-04 12:26:01', '评论');
INSERT INTO `comment` VALUES ('89', '2', '2', '2017-05-04 12:25:37', '评论');
INSERT INTO `comment` VALUES ('90', '2', '2', '2017-05-04 12:25:37', '评论');
INSERT INTO `comment` VALUES ('91', '2', '2', '2017-05-04 12:26:01', '评论');
INSERT INTO `comment` VALUES ('92', '2', '2', '2017-05-04 12:25:37', '评论');
INSERT INTO `comment` VALUES ('93', '2', '2', '2017-05-04 12:26:01', '评论');
INSERT INTO `comment` VALUES ('94', '2', '2', '2017-05-04 12:25:37', '评论');
INSERT INTO `comment` VALUES ('95', '2', '2', '2017-05-04 12:26:01', '评论');
INSERT INTO `comment` VALUES ('96', '2', '2', '2017-05-04 12:25:37', '评论');
INSERT INTO `comment` VALUES ('97', '2', '2', '2017-05-04 12:25:37', '评论');
INSERT INTO `comment` VALUES ('98', '2', '2', '2017-05-04 12:26:01', '评论');
INSERT INTO `comment` VALUES ('99', '2', '2', '2017-05-04 12:25:37', '评论');
INSERT INTO `comment` VALUES ('100', '2', '2', '2017-05-04 12:26:01', '评论');
INSERT INTO `comment` VALUES ('101', '2', '2', '2017-05-04 12:25:37', '评论');
INSERT INTO `comment` VALUES ('102', '2', '2', '2017-05-04 12:26:01', '评论');
INSERT INTO `comment` VALUES ('103', '2', '2', '2017-05-04 12:25:37', '评论');
INSERT INTO `comment` VALUES ('104', '2', '2', '2017-05-04 12:26:01', '评论');
INSERT INTO `comment` VALUES ('105', '2', '2', '2017-05-04 12:25:37', '评论');
INSERT INTO `comment` VALUES ('106', '2', '2', '2017-05-04 12:25:37', '评论');
INSERT INTO `comment` VALUES ('107', '2', '2', '2017-05-04 12:26:01', '评论');
INSERT INTO `comment` VALUES ('108', '2', '2', '2017-05-04 12:25:37', '评论');
INSERT INTO `comment` VALUES ('109', '2', '2', '2017-05-04 12:26:01', '评论');
INSERT INTO `comment` VALUES ('110', '2', '2', '2017-05-04 12:25:37', '评论');
INSERT INTO `comment` VALUES ('111', '2', '2', '2017-05-04 12:26:01', '评论');
INSERT INTO `comment` VALUES ('112', '2', '2', '2017-05-04 12:25:37', '评论');
INSERT INTO `comment` VALUES ('113', '2', '2', '2017-05-04 12:25:37', '评论');
INSERT INTO `comment` VALUES ('114', '2', '2', '2017-05-04 12:26:01', '评论');
INSERT INTO `comment` VALUES ('115', '2', '2', '2017-05-04 12:25:37', '评论');
INSERT INTO `comment` VALUES ('116', '2', '2', '2017-05-04 12:26:01', '评论');
INSERT INTO `comment` VALUES ('117', '2', '2', '2017-05-04 12:25:37', '评论');
INSERT INTO `comment` VALUES ('118', '2', '2', '2017-05-04 12:26:01', '评论');
INSERT INTO `comment` VALUES ('119', '2', '2', '2017-05-04 12:25:37', '评论');
INSERT INTO `comment` VALUES ('120', '2', '2', '2017-05-04 12:25:37', '评论');
INSERT INTO `comment` VALUES ('121', '2', '2', '2017-05-04 12:26:01', '评论');
INSERT INTO `comment` VALUES ('122', '2', '2', '2017-05-04 12:25:37', '评论');
INSERT INTO `comment` VALUES ('123', '2', '2', '2017-05-04 12:26:01', '评论');
INSERT INTO `comment` VALUES ('124', '2', '2', '2017-05-04 12:25:37', '评论');
INSERT INTO `comment` VALUES ('125', '2', '2', '2017-05-04 12:26:01', '评论');
INSERT INTO `comment` VALUES ('126', '2', '2', '2017-05-04 12:25:37', '评论');
INSERT INTO `comment` VALUES ('127', '2', '2', '2017-05-04 12:25:37', '评论');
INSERT INTO `comment` VALUES ('128', '2', '2', '2017-05-04 12:26:01', '评论');
INSERT INTO `comment` VALUES ('129', '2', '2', '2017-05-04 12:25:37', '评论');
INSERT INTO `comment` VALUES ('130', '2', '2', '2017-05-04 12:26:01', '评论');
INSERT INTO `comment` VALUES ('131', '2', '2', '2017-05-04 12:25:37', '评论');
INSERT INTO `comment` VALUES ('132', '2', '2', '2017-05-04 12:26:01', '评论');

-- ----------------------------
-- Table structure for `news`
-- ----------------------------
DROP TABLE IF EXISTS `news`;
CREATE TABLE `news` (
  `id` int(11) NOT NULL AUTO_INCREMENT,
  `type` int(11) NOT NULL,
  `url` varchar(255) NOT NULL,
  `title` varchar(255) NOT NULL,
  `source` varchar(255) NOT NULL,
  `commentCount` int(11) NOT NULL,
  `date` datetime NOT NULL,
  `image1` varchar(255) DEFAULT NULL,
  `image2` varchar(255) DEFAULT NULL,
  `image3` varchar(255) DEFAULT NULL,
  PRIMARY KEY (`id`)
) ENGINE=InnoDB AUTO_INCREMENT=369 DEFAULT CHARSET=utf8;

-- ----------------------------
-- Records of news
-- ----------------------------
INSERT INTO `news` VALUES ('1', '0', 'http://toutiao.com/group/6415695724499599617/', '生命最后一刻 战地摄影师记录爆炸瞬间', '东方IC图说国际', '59', '2017-05-03 18:55:00', '', '', '');
INSERT INTO `news` VALUES ('2', '0', 'http://toutiao.com/group/6415816573000679681/', '云南省公安厅A级通缉令', '云南警方', '200', '2017-05-03 18:55:00', '', '', '');
INSERT INTO `news` VALUES ('3', '0', 'http://toutiao.com/group/6415725439562039553/', '世界首台超越早期经典计算机的光量子计算机在中国诞生！', '解放军报融媒体', '2822', '2017-05-03 18:55:00', 'http://p3.pstatp.com/list/1dc80000011d7f3e8890', 'http://p1.pstatp.com/list/1dca0002d636e5b6a91f', 'http://p3.pstatp.com/list/1dc000065a60b760f924');
INSERT INTO `news` VALUES ('4', '0', 'http://m.haiwainet.cn/ttc/3541093/2017/0503/content_30893086_1.html', '570架C919大型客机被谁买走了？', '证券之星', '320', '2017-05-03 18:55:00', '', '', '');
INSERT INTO `news` VALUES ('5', '0', 'http://toutiao.com/group/6415608502514008321/', '陈式太极拳传人派弟子约战徐晓冬：如果被KO 退出武术界', '成都商报客户端', '33945', '2017-05-03 18:55:00', 'http://p3.pstatp.com/list/1e1b00062bc320d3930d', 'http://p9.pstatp.com/list/1e1e00016c22f8f79e10', 'http://p2.pstatp.com/list/1e1a0006958e21495f72');
INSERT INTO `news` VALUES ('6', '0', 'http://toutiao.com/group/6415738087691911426/', '这下真坏菜了！上台折腾一年 蔡英文收到“政权病危通知书”', '中国台湾网', '988', '2017-05-03 18:55:00', 'http://p3.pstatp.com/list/1dbe0002e5f140ed0286', 'http://p3.pstatp.com/list/1f7b000012cd8fc846bd', 'http://p3.pstatp.com/list/1dca0002e78bd2eb72b6');
INSERT INTO `news` VALUES ('7', '0', 'http://toutiao.com/group/6415733543044907521/', '雄安新区将配套什么水平的医疗教育资源？习近平一句话指明方向', '记录阳光', '73', '2017-05-03 18:55:00', '', '', '');
INSERT INTO `news` VALUES ('8', '0', 'http://toutiao.com/group/6415726313801695490/', '云南27岁在押犯抢车冲破隔离网越狱 曾因贩毒被判无期', '中国青年网', '2510', '2017-05-03 18:45:00', '', '', '');
INSERT INTO `news` VALUES ('9', '0', 'http://toutiao.com/group/6415723185581867266/', '农村故事：农村特种兵美女返乡受欺负，看她是怎么处理的', '爱人终归是风', '22', '2017-05-03 18:35:00', '', '', '');
INSERT INTO `news` VALUES ('10', '0', 'http://dytz.dyjr88.com/template/html/70/5901562963870.html', '本地加微信学炒股，每天免费领3只牛股，不花钱！', '钱坤证券', '2', '2017-05-03 18:25:00', 'http://p1.pstatp.com/list/1dd0000d325465e5da53', 'http://p3.pstatp.com/list/1dd2000d337db0736abb', 'http://p3.pstatp.com/list/1db000153a51c799d2e5');
INSERT INTO `news` VALUES ('11', '0', 'http://toutiao.com/group/6415695724499599617/', '生命最后一刻 战地摄影师记录爆炸瞬间', '东方IC图说国际', '59', '2017-05-03 18:55:00', '', '', '');
INSERT INTO `news` VALUES ('12', '0', 'http://toutiao.com/group/6415816573000679681/', '云南省公安厅A级通缉令', '云南警方', '200', '2017-05-03 18:55:00', '', '', '');
INSERT INTO `news` VALUES ('13', '0', 'http://toutiao.com/group/6415725439562039553/', '世界首台超越早期经典计算机的光量子计算机在中国诞生！', '解放军报融媒体', '2822', '2017-05-03 18:55:00', 'http://p3.pstatp.com/list/1dc80000011d7f3e8890', 'http://p1.pstatp.com/list/1dca0002d636e5b6a91f', 'http://p3.pstatp.com/list/1dc000065a60b760f924');
INSERT INTO `news` VALUES ('14', '0', 'http://m.haiwainet.cn/ttc/3541093/2017/0503/content_30893086_1.html', '570架C919大型客机被谁买走了？', '证券之星', '320', '2017-05-03 18:55:00', '', '', '');
INSERT INTO `news` VALUES ('15', '0', 'http://toutiao.com/group/6415608502514008321/', '陈式太极拳传人派弟子约战徐晓冬：如果被KO 退出武术界', '成都商报客户端', '33945', '2017-05-03 18:55:00', 'http://p3.pstatp.com/list/1e1b00062bc320d3930d', 'http://p9.pstatp.com/list/1e1e00016c22f8f79e10', 'http://p2.pstatp.com/list/1e1a0006958e21495f72');
INSERT INTO `news` VALUES ('16', '0', 'http://toutiao.com/group/6415738087691911426/', '这下真坏菜了！上台折腾一年 蔡英文收到“政权病危通知书”', '中国台湾网', '988', '2017-05-03 18:55:00', 'http://p3.pstatp.com/list/1dbe0002e5f140ed0286', 'http://p3.pstatp.com/list/1f7b000012cd8fc846bd', 'http://p3.pstatp.com/list/1dca0002e78bd2eb72b6');
INSERT INTO `news` VALUES ('17', '0', 'http://toutiao.com/group/6415733543044907521/', '雄安新区将配套什么水平的医疗教育资源？习近平一句话指明方向', '记录阳光', '73', '2017-05-03 18:55:00', '', '', '');
INSERT INTO `news` VALUES ('18', '0', 'http://toutiao.com/group/6415726313801695490/', '云南27岁在押犯抢车冲破隔离网越狱 曾因贩毒被判无期', '中国青年网', '2510', '2017-05-03 18:45:00', '', '', '');
INSERT INTO `news` VALUES ('19', '0', 'http://toutiao.com/group/6415723185581867266/', '农村故事：农村特种兵美女返乡受欺负，看她是怎么处理的', '爱人终归是风', '22', '2017-05-03 18:35:00', '', '', '');
INSERT INTO `news` VALUES ('20', '0', 'http://dytz.dyjr88.com/template/html/70/5901562963870.html', '本地加微信学炒股，每天免费领3只牛股，不花钱！', '钱坤证券', '2', '2017-05-03 18:25:00', 'http://p1.pstatp.com/list/1dd0000d325465e5da53', 'http://p3.pstatp.com/list/1dd2000d337db0736abb', 'http://p3.pstatp.com/list/1db000153a51c799d2e5');
INSERT INTO `news` VALUES ('21', '0', 'http://toutiao.com/group/6415695724499599617/', '生命最后一刻 战地摄影师记录爆炸瞬间', '东方IC图说国际', '59', '2017-05-03 18:55:00', '', '', '');
INSERT INTO `news` VALUES ('22', '0', 'http://toutiao.com/group/6415816573000679681/', '云南省公安厅A级通缉令', '云南警方', '200', '2017-05-03 18:55:00', '', '', '');
INSERT INTO `news` VALUES ('23', '0', 'http://toutiao.com/group/6415725439562039553/', '世界首台超越早期经典计算机的光量子计算机在中国诞生！', '解放军报融媒体', '2822', '2017-05-03 18:55:00', 'http://p3.pstatp.com/list/1dc80000011d7f3e8890', 'http://p1.pstatp.com/list/1dca0002d636e5b6a91f', 'http://p3.pstatp.com/list/1dc000065a60b760f924');
INSERT INTO `news` VALUES ('24', '0', 'http://m.haiwainet.cn/ttc/3541093/2017/0503/content_30893086_1.html', '570架C919大型客机被谁买走了？', '证券之星', '320', '2017-05-03 18:55:00', '', '', '');
INSERT INTO `news` VALUES ('25', '0', 'http://toutiao.com/group/6415608502514008321/', '陈式太极拳传人派弟子约战徐晓冬：如果被KO 退出武术界', '成都商报客户端', '33945', '2017-05-03 18:55:00', 'http://p3.pstatp.com/list/1e1b00062bc320d3930d', 'http://p9.pstatp.com/list/1e1e00016c22f8f79e10', 'http://p2.pstatp.com/list/1e1a0006958e21495f72');
INSERT INTO `news` VALUES ('26', '0', 'http://toutiao.com/group/6415738087691911426/', '这下真坏菜了！上台折腾一年 蔡英文收到“政权病危通知书”', '中国台湾网', '988', '2017-05-03 18:55:00', 'http://p3.pstatp.com/list/1dbe0002e5f140ed0286', 'http://p3.pstatp.com/list/1f7b000012cd8fc846bd', 'http://p3.pstatp.com/list/1dca0002e78bd2eb72b6');
INSERT INTO `news` VALUES ('27', '0', 'http://toutiao.com/group/6415733543044907521/', '雄安新区将配套什么水平的医疗教育资源？习近平一句话指明方向', '记录阳光', '73', '2017-05-03 18:55:00', '', '', '');
INSERT INTO `news` VALUES ('28', '0', 'http://toutiao.com/group/6415726313801695490/', '云南27岁在押犯抢车冲破隔离网越狱 曾因贩毒被判无期', '中国青年网', '2510', '2017-05-03 18:45:00', '', '', '');
INSERT INTO `news` VALUES ('29', '0', 'http://toutiao.com/group/6415723185581867266/', '农村故事：农村特种兵美女返乡受欺负，看她是怎么处理的', '爱人终归是风', '22', '2017-05-03 18:35:00', '', '', '');
INSERT INTO `news` VALUES ('30', '0', 'http://dytz.dyjr88.com/template/html/70/5901562963870.html', '本地加微信学炒股，每天免费领3只牛股，不花钱！', '钱坤证券', '2', '2017-05-03 18:25:00', 'http://p1.pstatp.com/list/1dd0000d325465e5da53', 'http://p3.pstatp.com/list/1dd2000d337db0736abb', 'http://p3.pstatp.com/list/1db000153a51c799d2e5');
INSERT INTO `news` VALUES ('31', '0', 'http://toutiao.com/group/6415695724499599617/', '生命最后一刻 战地摄影师记录爆炸瞬间', '东方IC图说国际', '59', '2017-05-03 18:55:00', '', '', '');
INSERT INTO `news` VALUES ('32', '0', 'http://toutiao.com/group/6415816573000679681/', '云南省公安厅A级通缉令', '云南警方', '200', '2017-05-03 18:55:00', '', '', '');
INSERT INTO `news` VALUES ('33', '0', 'http://toutiao.com/group/6415725439562039553/', '世界首台超越早期经典计算机的光量子计算机在中国诞生！', '解放军报融媒体', '2822', '2017-05-03 18:55:00', 'http://p3.pstatp.com/list/1dc80000011d7f3e8890', 'http://p1.pstatp.com/list/1dca0002d636e5b6a91f', 'http://p3.pstatp.com/list/1dc000065a60b760f924');
INSERT INTO `news` VALUES ('34', '0', 'http://m.haiwainet.cn/ttc/3541093/2017/0503/content_30893086_1.html', '570架C919大型客机被谁买走了？', '证券之星', '320', '2017-05-03 18:55:00', '', '', '');
INSERT INTO `news` VALUES ('35', '0', 'http://toutiao.com/group/6415608502514008321/', '陈式太极拳传人派弟子约战徐晓冬：如果被KO 退出武术界', '成都商报客户端', '33945', '2017-05-03 18:55:00', 'http://p3.pstatp.com/list/1e1b00062bc320d3930d', 'http://p9.pstatp.com/list/1e1e00016c22f8f79e10', 'http://p2.pstatp.com/list/1e1a0006958e21495f72');
INSERT INTO `news` VALUES ('36', '0', 'http://toutiao.com/group/6415738087691911426/', '这下真坏菜了！上台折腾一年 蔡英文收到“政权病危通知书”', '中国台湾网', '988', '2017-05-03 18:55:00', 'http://p3.pstatp.com/list/1dbe0002e5f140ed0286', 'http://p3.pstatp.com/list/1f7b000012cd8fc846bd', 'http://p3.pstatp.com/list/1dca0002e78bd2eb72b6');
INSERT INTO `news` VALUES ('37', '0', 'http://toutiao.com/group/6415733543044907521/', '雄安新区将配套什么水平的医疗教育资源？习近平一句话指明方向', '记录阳光', '73', '2017-05-03 18:55:00', '', '', '');
INSERT INTO `news` VALUES ('38', '0', 'http://toutiao.com/group/6415726313801695490/', '云南27岁在押犯抢车冲破隔离网越狱 曾因贩毒被判无期', '中国青年网', '2510', '2017-05-03 18:45:00', '', '', '');
INSERT INTO `news` VALUES ('39', '0', 'http://toutiao.com/group/6415723185581867266/', '农村故事：农村特种兵美女返乡受欺负，看她是怎么处理的', '爱人终归是风', '22', '2017-05-03 18:35:00', '', '', '');
INSERT INTO `news` VALUES ('40', '0', 'http://dytz.dyjr88.com/template/html/70/5901562963870.html', '本地加微信学炒股，每天免费领3只牛股，不花钱！', '钱坤证券', '2', '2017-05-03 18:25:00', 'http://p1.pstatp.com/list/1dd0000d325465e5da53', 'http://p3.pstatp.com/list/1dd2000d337db0736abb', 'http://p3.pstatp.com/list/1db000153a51c799d2e5');
INSERT INTO `news` VALUES ('41', '0', 'http://toutiao.com/group/6415695724499599617/', '生命最后一刻 战地摄影师记录爆炸瞬间', '东方IC图说国际', '59', '2017-05-03 18:55:00', '', '', '');
INSERT INTO `news` VALUES ('42', '0', 'http://toutiao.com/group/6415816573000679681/', '云南省公安厅A级通缉令', '云南警方', '200', '2017-05-03 18:55:00', '', '', '');
INSERT INTO `news` VALUES ('43', '0', 'http://toutiao.com/group/6415725439562039553/', '世界首台超越早期经典计算机的光量子计算机在中国诞生！', '解放军报融媒体', '2822', '2017-05-03 18:55:00', 'http://p3.pstatp.com/list/1dc80000011d7f3e8890', 'http://p1.pstatp.com/list/1dca0002d636e5b6a91f', 'http://p3.pstatp.com/list/1dc000065a60b760f924');
INSERT INTO `news` VALUES ('44', '0', 'http://m.haiwainet.cn/ttc/3541093/2017/0503/content_30893086_1.html', '570架C919大型客机被谁买走了？', '证券之星', '320', '2017-05-03 18:55:00', '', '', '');
INSERT INTO `news` VALUES ('45', '0', 'http://toutiao.com/group/6415608502514008321/', '陈式太极拳传人派弟子约战徐晓冬：如果被KO 退出武术界', '成都商报客户端', '33945', '2017-05-03 18:55:00', 'http://p3.pstatp.com/list/1e1b00062bc320d3930d', 'http://p9.pstatp.com/list/1e1e00016c22f8f79e10', 'http://p2.pstatp.com/list/1e1a0006958e21495f72');
INSERT INTO `news` VALUES ('46', '0', 'http://toutiao.com/group/6415738087691911426/', '这下真坏菜了！上台折腾一年 蔡英文收到“政权病危通知书”', '中国台湾网', '988', '2017-05-03 18:55:00', 'http://p3.pstatp.com/list/1dbe0002e5f140ed0286', 'http://p3.pstatp.com/list/1f7b000012cd8fc846bd', 'http://p3.pstatp.com/list/1dca0002e78bd2eb72b6');
INSERT INTO `news` VALUES ('47', '0', 'http://toutiao.com/group/6415733543044907521/', '雄安新区将配套什么水平的医疗教育资源？习近平一句话指明方向', '记录阳光', '73', '2017-05-03 18:55:00', '', '', '');
INSERT INTO `news` VALUES ('48', '0', 'http://toutiao.com/group/6415726313801695490/', '云南27岁在押犯抢车冲破隔离网越狱 曾因贩毒被判无期', '中国青年网', '2510', '2017-05-03 18:45:00', '', '', '');
INSERT INTO `news` VALUES ('49', '0', 'http://toutiao.com/group/6415723185581867266/', '农村故事：农村特种兵美女返乡受欺负，看她是怎么处理的', '爱人终归是风', '22', '2017-05-03 18:35:00', '', '', '');
INSERT INTO `news` VALUES ('50', '0', 'http://dytz.dyjr88.com/template/html/70/5901562963870.html', '本地加微信学炒股，每天免费领3只牛股，不花钱！', '钱坤证券', '2', '2017-05-03 18:25:00', 'http://p1.pstatp.com/list/1dd0000d325465e5da53', 'http://p3.pstatp.com/list/1dd2000d337db0736abb', 'http://p3.pstatp.com/list/1db000153a51c799d2e5');
INSERT INTO `news` VALUES ('51', '1', 'http://toutiao.com/group/6415695724499599617/', '生命最后一刻 战地摄影师记录爆炸瞬间', '东方IC图说国际', '59', '2017-05-03 18:55:00', '', '', '');
INSERT INTO `news` VALUES ('52', '1', 'http://toutiao.com/group/6415816573000679681/', '云南省公安厅A级通缉令', '云南警方', '200', '2017-05-03 18:55:00', '', '', '');
INSERT INTO `news` VALUES ('53', '1', 'http://toutiao.com/group/6415725439562039553/', '世界首台超越早期经典计算机的光量子计算机在中国诞生！', '解放军报融媒体', '2822', '2017-05-03 18:55:00', 'http://p3.pstatp.com/list/1dc80000011d7f3e8890', 'http://p1.pstatp.com/list/1dca0002d636e5b6a91f', 'http://p3.pstatp.com/list/1dc000065a60b760f924');
INSERT INTO `news` VALUES ('54', '1', 'http://m.haiwainet.cn/ttc/3541093/2017/0503/content_30893086_1.html', '570架C919大型客机被谁买走了？', '证券之星', '320', '2017-05-03 18:55:00', '', '', '');
INSERT INTO `news` VALUES ('55', '1', 'http://toutiao.com/group/6415608502514008321/', '陈式太极拳传人派弟子约战徐晓冬：如果被KO 退出武术界', '成都商报客户端', '33945', '2017-05-03 18:55:00', 'http://p3.pstatp.com/list/1e1b00062bc320d3930d', 'http://p9.pstatp.com/list/1e1e00016c22f8f79e10', 'http://p2.pstatp.com/list/1e1a0006958e21495f72');
INSERT INTO `news` VALUES ('56', '1', 'http://toutiao.com/group/6415738087691911426/', '这下真坏菜了！上台折腾一年 蔡英文收到“政权病危通知书”', '中国台湾网', '988', '2017-05-03 18:55:00', 'http://p3.pstatp.com/list/1dbe0002e5f140ed0286', 'http://p3.pstatp.com/list/1f7b000012cd8fc846bd', 'http://p3.pstatp.com/list/1dca0002e78bd2eb72b6');
INSERT INTO `news` VALUES ('57', '1', 'http://toutiao.com/group/6415733543044907521/', '雄安新区将配套什么水平的医疗教育资源？习近平一句话指明方向', '记录阳光', '73', '2017-05-03 18:55:00', '', '', '');
INSERT INTO `news` VALUES ('58', '1', 'http://toutiao.com/group/6415726313801695490/', '云南27岁在押犯抢车冲破隔离网越狱 曾因贩毒被判无期', '中国青年网', '2510', '2017-05-03 18:45:00', '', '', '');
INSERT INTO `news` VALUES ('59', '1', 'http://toutiao.com/group/6415723185581867266/', '农村故事：农村特种兵美女返乡受欺负，看她是怎么处理的', '爱人终归是风', '22', '2017-05-03 18:35:00', '', '', '');
INSERT INTO `news` VALUES ('60', '1', 'http://dytz.dyjr88.com/template/html/70/5901562963870.html', '本地加微信学炒股，每天免费领3只牛股，不花钱！', '钱坤证券', '2', '2017-05-03 18:25:00', 'http://p1.pstatp.com/list/1dd0000d325465e5da53', 'http://p3.pstatp.com/list/1dd2000d337db0736abb', 'http://p3.pstatp.com/list/1db000153a51c799d2e5');
INSERT INTO `news` VALUES ('61', '1', 'http://toutiao.com/group/6415695724499599617/', '生命最后一刻 战地摄影师记录爆炸瞬间', '东方IC图说国际', '59', '2017-05-03 18:55:00', '', '', '');
INSERT INTO `news` VALUES ('62', '1', 'http://toutiao.com/group/6415816573000679681/', '云南省公安厅A级通缉令', '云南警方', '200', '2017-05-03 18:55:00', '', '', '');
INSERT INTO `news` VALUES ('63', '1', 'http://toutiao.com/group/6415725439562039553/', '世界首台超越早期经典计算机的光量子计算机在中国诞生！', '解放军报融媒体', '2822', '2017-05-03 18:55:00', 'http://p3.pstatp.com/list/1dc80000011d7f3e8890', 'http://p1.pstatp.com/list/1dca0002d636e5b6a91f', 'http://p3.pstatp.com/list/1dc000065a60b760f924');
INSERT INTO `news` VALUES ('64', '1', 'http://m.haiwainet.cn/ttc/3541093/2017/0503/content_30893086_1.html', '570架C919大型客机被谁买走了？', '证券之星', '320', '2017-05-03 18:55:00', '', '', '');
INSERT INTO `news` VALUES ('65', '1', 'http://toutiao.com/group/6415695724499599617/', '生命最后一刻 战地摄影师记录爆炸瞬间', '东方IC图说国际', '59', '2017-05-03 18:55:00', '', '', '');
INSERT INTO `news` VALUES ('66', '1', 'http://toutiao.com/group/6415816573000679681/', '云南省公安厅A级通缉令', '云南警方', '200', '2017-05-03 18:55:00', '', '', '');
INSERT INTO `news` VALUES ('67', '1', 'http://toutiao.com/group/6415725439562039553/', '世界首台超越早期经典计算机的光量子计算机在中国诞生！', '解放军报融媒体', '2822', '2017-05-03 18:55:00', 'http://p3.pstatp.com/list/1dc80000011d7f3e8890', 'http://p1.pstatp.com/list/1dca0002d636e5b6a91f', 'http://p3.pstatp.com/list/1dc000065a60b760f924');
INSERT INTO `news` VALUES ('68', '1', 'http://m.haiwainet.cn/ttc/3541093/2017/0503/content_30893086_1.html', '570架C919大型客机被谁买走了？', '证券之星', '320', '2017-05-03 18:55:00', '', '', '');
INSERT INTO `news` VALUES ('69', '1', 'http://toutiao.com/group/6415608502514008321/', '陈式太极拳传人派弟子约战徐晓冬：如果被KO 退出武术界', '成都商报客户端', '33945', '2017-05-03 18:55:00', 'http://p3.pstatp.com/list/1e1b00062bc320d3930d', 'http://p9.pstatp.com/list/1e1e00016c22f8f79e10', 'http://p2.pstatp.com/list/1e1a0006958e21495f72');
INSERT INTO `news` VALUES ('70', '1', 'http://toutiao.com/group/6415738087691911426/', '这下真坏菜了！上台折腾一年 蔡英文收到“政权病危通知书”', '中国台湾网', '988', '2017-05-03 18:55:00', 'http://p3.pstatp.com/list/1dbe0002e5f140ed0286', 'http://p3.pstatp.com/list/1f7b000012cd8fc846bd', 'http://p3.pstatp.com/list/1dca0002e78bd2eb72b6');
INSERT INTO `news` VALUES ('71', '1', 'http://toutiao.com/group/6415733543044907521/', '雄安新区将配套什么水平的医疗教育资源？习近平一句话指明方向', '记录阳光', '73', '2017-05-03 18:55:00', '', '', '');
INSERT INTO `news` VALUES ('72', '1', 'http://toutiao.com/group/6415726313801695490/', '云南27岁在押犯抢车冲破隔离网越狱 曾因贩毒被判无期', '中国青年网', '2510', '2017-05-03 18:45:00', '', '', '');
INSERT INTO `news` VALUES ('73', '1', 'http://toutiao.com/group/6415723185581867266/', '农村故事：农村特种兵美女返乡受欺负，看她是怎么处理的', '爱人终归是风', '22', '2017-05-03 18:35:00', '', '', '');
INSERT INTO `news` VALUES ('74', '1', 'http://dytz.dyjr88.com/template/html/70/5901562963870.html', '本地加微信学炒股，每天免费领3只牛股，不花钱！', '钱坤证券', '2', '2017-05-03 18:25:00', 'http://p1.pstatp.com/list/1dd0000d325465e5da53', 'http://p3.pstatp.com/list/1dd2000d337db0736abb', 'http://p3.pstatp.com/list/1db000153a51c799d2e5');
INSERT INTO `news` VALUES ('75', '1', 'http://toutiao.com/group/6415695724499599617/', '生命最后一刻 战地摄影师记录爆炸瞬间', '东方IC图说国际', '59', '2017-05-03 18:55:00', '', '', '');
INSERT INTO `news` VALUES ('76', '1', 'http://toutiao.com/group/6415816573000679681/', '云南省公安厅A级通缉令', '云南警方', '200', '2017-05-03 18:55:00', '', '', '');
INSERT INTO `news` VALUES ('77', '1', 'http://toutiao.com/group/6415725439562039553/', '世界首台超越早期经典计算机的光量子计算机在中国诞生！', '解放军报融媒体', '2822', '2017-05-03 18:55:00', 'http://p3.pstatp.com/list/1dc80000011d7f3e8890', 'http://p1.pstatp.com/list/1dca0002d636e5b6a91f', 'http://p3.pstatp.com/list/1dc000065a60b760f924');
INSERT INTO `news` VALUES ('78', '1', 'http://m.haiwainet.cn/ttc/3541093/2017/0503/content_30893086_1.html', '570架C919大型客机被谁买走了？', '证券之星', '320', '2017-05-03 18:55:00', '', '', '');
INSERT INTO `news` VALUES ('79', '1', 'http://toutiao.com/group/6415608502514008321/', '陈式太极拳传人派弟子约战徐晓冬：如果被KO 退出武术界', '成都商报客户端', '33945', '2017-05-03 18:55:00', 'http://p3.pstatp.com/list/1e1b00062bc320d3930d', 'http://p9.pstatp.com/list/1e1e00016c22f8f79e10', 'http://p2.pstatp.com/list/1e1a0006958e21495f72');
INSERT INTO `news` VALUES ('80', '1', 'http://toutiao.com/group/6415738087691911426/', '这下真坏菜了！上台折腾一年 蔡英文收到“政权病危通知书”', '中国台湾网', '988', '2017-05-03 18:55:00', 'http://p3.pstatp.com/list/1dbe0002e5f140ed0286', 'http://p3.pstatp.com/list/1f7b000012cd8fc846bd', 'http://p3.pstatp.com/list/1dca0002e78bd2eb72b6');
INSERT INTO `news` VALUES ('81', '1', 'http://toutiao.com/group/6415733543044907521/', '雄安新区将配套什么水平的医疗教育资源？习近平一句话指明方向', '记录阳光', '73', '2017-05-03 18:55:00', '', '', '');
INSERT INTO `news` VALUES ('82', '1', 'http://toutiao.com/group/6415726313801695490/', '云南27岁在押犯抢车冲破隔离网越狱 曾因贩毒被判无期', '中国青年网', '2510', '2017-05-03 18:45:00', '', '', '');
INSERT INTO `news` VALUES ('83', '1', 'http://toutiao.com/group/6415723185581867266/', '农村故事：农村特种兵美女返乡受欺负，看她是怎么处理的', '爱人终归是风', '22', '2017-05-03 18:35:00', '', '', '');
INSERT INTO `news` VALUES ('84', '1', 'http://dytz.dyjr88.com/template/html/70/5901562963870.html', '本地加微信学炒股，每天免费领3只牛股，不花钱！', '钱坤证券', '2', '2017-05-03 18:25:00', 'http://p1.pstatp.com/list/1dd0000d325465e5da53', 'http://p3.pstatp.com/list/1dd2000d337db0736abb', 'http://p3.pstatp.com/list/1db000153a51c799d2e5');
INSERT INTO `news` VALUES ('85', '1', 'http://toutiao.com/group/6415695724499599617/', '生命最后一刻 战地摄影师记录爆炸瞬间', '东方IC图说国际', '59', '2017-05-03 18:55:00', '', '', '');
INSERT INTO `news` VALUES ('86', '1', 'http://toutiao.com/group/6415816573000679681/', '云南省公安厅A级通缉令', '云南警方', '200', '2017-05-03 18:55:00', '', '', '');
INSERT INTO `news` VALUES ('87', '1', 'http://toutiao.com/group/6415725439562039553/', '世界首台超越早期经典计算机的光量子计算机在中国诞生！', '解放军报融媒体', '2822', '2017-05-03 18:55:00', 'http://p3.pstatp.com/list/1dc80000011d7f3e8890', 'http://p1.pstatp.com/list/1dca0002d636e5b6a91f', 'http://p3.pstatp.com/list/1dc000065a60b760f924');
INSERT INTO `news` VALUES ('88', '1', 'http://m.haiwainet.cn/ttc/3541093/2017/0503/content_30893086_1.html', '570架C919大型客机被谁买走了？', '证券之星', '320', '2017-05-03 18:55:00', '', '', '');
INSERT INTO `news` VALUES ('89', '1', 'http://toutiao.com/group/6415695724499599617/', '生命最后一刻 战地摄影师记录爆炸瞬间', '东方IC图说国际', '59', '2017-05-03 18:55:00', '', '', '');
INSERT INTO `news` VALUES ('90', '1', 'http://toutiao.com/group/6415816573000679681/', '云南省公安厅A级通缉令', '云南警方', '200', '2017-05-03 18:55:00', '', '', '');
INSERT INTO `news` VALUES ('91', '1', 'http://toutiao.com/group/6415725439562039553/', '世界首台超越早期经典计算机的光量子计算机在中国诞生！', '解放军报融媒体', '2822', '2017-05-03 18:55:00', 'http://p3.pstatp.com/list/1dc80000011d7f3e8890', 'http://p1.pstatp.com/list/1dca0002d636e5b6a91f', 'http://p3.pstatp.com/list/1dc000065a60b760f924');
INSERT INTO `news` VALUES ('92', '1', 'http://m.haiwainet.cn/ttc/3541093/2017/0503/content_30893086_1.html', '570架C919大型客机被谁买走了？', '证券之星', '320', '2017-05-03 18:55:00', '', '', '');
INSERT INTO `news` VALUES ('93', '1', 'http://toutiao.com/group/6415608502514008321/', '陈式太极拳传人派弟子约战徐晓冬：如果被KO 退出武术界', '成都商报客户端', '33945', '2017-05-03 18:55:00', 'http://p3.pstatp.com/list/1e1b00062bc320d3930d', 'http://p9.pstatp.com/list/1e1e00016c22f8f79e10', 'http://p2.pstatp.com/list/1e1a0006958e21495f72');
INSERT INTO `news` VALUES ('94', '1', 'http://toutiao.com/group/6415738087691911426/', '这下真坏菜了！上台折腾一年 蔡英文收到“政权病危通知书”', '中国台湾网', '988', '2017-05-03 18:55:00', 'http://p3.pstatp.com/list/1dbe0002e5f140ed0286', 'http://p3.pstatp.com/list/1f7b000012cd8fc846bd', 'http://p3.pstatp.com/list/1dca0002e78bd2eb72b6');
INSERT INTO `news` VALUES ('95', '1', 'http://toutiao.com/group/6415733543044907521/', '雄安新区将配套什么水平的医疗教育资源？习近平一句话指明方向', '记录阳光', '73', '2017-05-03 18:55:00', '', '', '');
INSERT INTO `news` VALUES ('96', '1', 'http://toutiao.com/group/6415726313801695490/', '云南27岁在押犯抢车冲破隔离网越狱 曾因贩毒被判无期', '中国青年网', '2510', '2017-05-03 18:45:00', '', '', '');
INSERT INTO `news` VALUES ('97', '1', 'http://toutiao.com/group/6415723185581867266/', '农村故事：农村特种兵美女返乡受欺负，看她是怎么处理的', '爱人终归是风', '22', '2017-05-03 18:35:00', '', '', '');
INSERT INTO `news` VALUES ('98', '1', 'http://dytz.dyjr88.com/template/html/70/5901562963870.html', '本地加微信学炒股，每天免费领3只牛股，不花钱！', '钱坤证券', '2', '2017-05-03 18:25:00', 'http://p1.pstatp.com/list/1dd0000d325465e5da53', 'http://p3.pstatp.com/list/1dd2000d337db0736abb', 'http://p3.pstatp.com/list/1db000153a51c799d2e5');
INSERT INTO `news` VALUES ('99', '1', 'http://toutiao.com/group/6415695724499599617/', '生命最后一刻 战地摄影师记录爆炸瞬间', '东方IC图说国际', '59', '2017-05-03 18:55:00', '', '', '');
INSERT INTO `news` VALUES ('100', '1', 'http://toutiao.com/group/6415816573000679681/', '云南省公安厅A级通缉令', '云南警方', '200', '2017-05-03 18:55:00', '', '', '');
INSERT INTO `news` VALUES ('101', '2', 'http://toutiao.com/group/6415725439562039553/', '世界首台超越早期经典计算机的光量子计算机在中国诞生！', '解放军报融媒体', '2822', '2017-05-03 18:55:00', 'http://p3.pstatp.com/list/1dc80000011d7f3e8890', 'http://p1.pstatp.com/list/1dca0002d636e5b6a91f', 'http://p3.pstatp.com/list/1dc000065a60b760f924');
INSERT INTO `news` VALUES ('102', '2', 'http://m.haiwainet.cn/ttc/3541093/2017/0503/content_30893086_1.html', '570架C919大型客机被谁买走了？', '证券之星', '320', '2017-05-03 18:55:00', '', '', '');
INSERT INTO `news` VALUES ('103', '2', 'http://toutiao.com/group/6415608502514008321/', '陈式太极拳传人派弟子约战徐晓冬：如果被KO 退出武术界', '成都商报客户端', '33945', '2017-05-03 18:55:00', 'http://p3.pstatp.com/list/1e1b00062bc320d3930d', 'http://p9.pstatp.com/list/1e1e00016c22f8f79e10', 'http://p2.pstatp.com/list/1e1a0006958e21495f72');
INSERT INTO `news` VALUES ('104', '2', 'http://toutiao.com/group/6415738087691911426/', '这下真坏菜了！上台折腾一年 蔡英文收到“政权病危通知书”', '中国台湾网', '988', '2017-05-03 18:55:00', 'http://p3.pstatp.com/list/1dbe0002e5f140ed0286', 'http://p3.pstatp.com/list/1f7b000012cd8fc846bd', 'http://p3.pstatp.com/list/1dca0002e78bd2eb72b6');
INSERT INTO `news` VALUES ('105', '2', 'http://toutiao.com/group/6415733543044907521/', '雄安新区将配套什么水平的医疗教育资源？习近平一句话指明方向', '记录阳光', '73', '2017-05-03 18:55:00', '', '', '');
INSERT INTO `news` VALUES ('106', '2', 'http://toutiao.com/group/6415726313801695490/', '云南27岁在押犯抢车冲破隔离网越狱 曾因贩毒被判无期', '中国青年网', '2510', '2017-05-03 18:45:00', '', '', '');
INSERT INTO `news` VALUES ('107', '2', 'http://toutiao.com/group/6415723185581867266/', '农村故事：农村特种兵美女返乡受欺负，看她是怎么处理的', '爱人终归是风', '22', '2017-05-03 18:35:00', '', '', '');
INSERT INTO `news` VALUES ('108', '2', 'http://dytz.dyjr88.com/template/html/70/5901562963870.html', '本地加微信学炒股，每天免费领3只牛股，不花钱！', '钱坤证券', '2', '2017-05-03 18:25:00', 'http://p1.pstatp.com/list/1dd0000d325465e5da53', 'http://p3.pstatp.com/list/1dd2000d337db0736abb', 'http://p3.pstatp.com/list/1db000153a51c799d2e5');
INSERT INTO `news` VALUES ('109', '2', 'http://toutiao.com/group/6415695724499599617/', '生命最后一刻 战地摄影师记录爆炸瞬间', '东方IC图说国际', '59', '2017-05-03 18:55:00', '', '', '');
INSERT INTO `news` VALUES ('110', '2', 'http://toutiao.com/group/6415816573000679681/', '云南省公安厅A级通缉令', '云南警方', '200', '2017-05-03 18:55:00', '', '', '');
INSERT INTO `news` VALUES ('111', '2', 'http://toutiao.com/group/6415725439562039553/', '世界首台超越早期经典计算机的光量子计算机在中国诞生！', '解放军报融媒体', '2822', '2017-05-03 18:55:00', 'http://p3.pstatp.com/list/1dc80000011d7f3e8890', 'http://p1.pstatp.com/list/1dca0002d636e5b6a91f', 'http://p3.pstatp.com/list/1dc000065a60b760f924');
INSERT INTO `news` VALUES ('112', '2', 'http://m.haiwainet.cn/ttc/3541093/2017/0503/content_30893086_1.html', '570架C919大型客机被谁买走了？', '证券之星', '320', '2017-05-03 18:55:00', '', '', '');
INSERT INTO `news` VALUES ('113', '2', 'http://toutiao.com/group/6415695724499599617/', '生命最后一刻 战地摄影师记录爆炸瞬间', '东方IC图说国际', '59', '2017-05-03 18:55:00', '', '', '');
INSERT INTO `news` VALUES ('114', '2', 'http://toutiao.com/group/6415816573000679681/', '云南省公安厅A级通缉令', '云南警方', '200', '2017-05-03 18:55:00', '', '', '');
INSERT INTO `news` VALUES ('115', '2', 'http://toutiao.com/group/6415725439562039553/', '世界首台超越早期经典计算机的光量子计算机在中国诞生！', '解放军报融媒体', '2822', '2017-05-03 18:55:00', 'http://p3.pstatp.com/list/1dc80000011d7f3e8890', 'http://p1.pstatp.com/list/1dca0002d636e5b6a91f', 'http://p3.pstatp.com/list/1dc000065a60b760f924');
INSERT INTO `news` VALUES ('116', '2', 'http://m.haiwainet.cn/ttc/3541093/2017/0503/content_30893086_1.html', '570架C919大型客机被谁买走了？', '证券之星', '320', '2017-05-03 18:55:00', '', '', '');
INSERT INTO `news` VALUES ('117', '2', 'http://toutiao.com/group/6415608502514008321/', '陈式太极拳传人派弟子约战徐晓冬：如果被KO 退出武术界', '成都商报客户端', '33945', '2017-05-03 18:55:00', 'http://p3.pstatp.com/list/1e1b00062bc320d3930d', 'http://p9.pstatp.com/list/1e1e00016c22f8f79e10', 'http://p2.pstatp.com/list/1e1a0006958e21495f72');
INSERT INTO `news` VALUES ('118', '2', 'http://toutiao.com/group/6415738087691911426/', '这下真坏菜了！上台折腾一年 蔡英文收到“政权病危通知书”', '中国台湾网', '988', '2017-05-03 18:55:00', 'http://p3.pstatp.com/list/1dbe0002e5f140ed0286', 'http://p3.pstatp.com/list/1f7b000012cd8fc846bd', 'http://p3.pstatp.com/list/1dca0002e78bd2eb72b6');
INSERT INTO `news` VALUES ('119', '2', 'http://toutiao.com/group/6415733543044907521/', '雄安新区将配套什么水平的医疗教育资源？习近平一句话指明方向', '记录阳光', '73', '2017-05-03 18:55:00', '', '', '');
INSERT INTO `news` VALUES ('120', '2', 'http://toutiao.com/group/6415726313801695490/', '云南27岁在押犯抢车冲破隔离网越狱 曾因贩毒被判无期', '中国青年网', '2510', '2017-05-03 18:45:00', '', '', '');
INSERT INTO `news` VALUES ('121', '2', 'http://toutiao.com/group/6415723185581867266/', '农村故事：农村特种兵美女返乡受欺负，看她是怎么处理的', '爱人终归是风', '22', '2017-05-03 18:35:00', '', '', '');
INSERT INTO `news` VALUES ('122', '2', 'http://dytz.dyjr88.com/template/html/70/5901562963870.html', '本地加微信学炒股，每天免费领3只牛股，不花钱！', '钱坤证券', '2', '2017-05-03 18:25:00', 'http://p1.pstatp.com/list/1dd0000d325465e5da53', 'http://p3.pstatp.com/list/1dd2000d337db0736abb', 'http://p3.pstatp.com/list/1db000153a51c799d2e5');
INSERT INTO `news` VALUES ('123', '2', 'http://toutiao.com/group/6415695724499599617/', '生命最后一刻 战地摄影师记录爆炸瞬间', '东方IC图说国际', '59', '2017-05-03 18:55:00', '', '', '');
INSERT INTO `news` VALUES ('124', '2', 'http://toutiao.com/group/6415816573000679681/', '云南省公安厅A级通缉令', '云南警方', '200', '2017-05-03 18:55:00', '', '', '');
INSERT INTO `news` VALUES ('125', '2', 'http://toutiao.com/group/6415725439562039553/', '世界首台超越早期经典计算机的光量子计算机在中国诞生！', '解放军报融媒体', '2822', '2017-05-03 18:55:00', 'http://p3.pstatp.com/list/1dc80000011d7f3e8890', 'http://p1.pstatp.com/list/1dca0002d636e5b6a91f', 'http://p3.pstatp.com/list/1dc000065a60b760f924');
INSERT INTO `news` VALUES ('126', '2', 'http://m.haiwainet.cn/ttc/3541093/2017/0503/content_30893086_1.html', '570架C919大型客机被谁买走了？', '证券之星', '320', '2017-05-03 18:55:00', '', '', '');
INSERT INTO `news` VALUES ('127', '2', 'http://toutiao.com/group/6415608502514008321/', '陈式太极拳传人派弟子约战徐晓冬：如果被KO 退出武术界', '成都商报客户端', '33945', '2017-05-03 18:55:00', 'http://p3.pstatp.com/list/1e1b00062bc320d3930d', 'http://p9.pstatp.com/list/1e1e00016c22f8f79e10', 'http://p2.pstatp.com/list/1e1a0006958e21495f72');
INSERT INTO `news` VALUES ('128', '2', 'http://toutiao.com/group/6415738087691911426/', '这下真坏菜了！上台折腾一年 蔡英文收到“政权病危通知书”', '中国台湾网', '988', '2017-05-03 18:55:00', 'http://p3.pstatp.com/list/1dbe0002e5f140ed0286', 'http://p3.pstatp.com/list/1f7b000012cd8fc846bd', 'http://p3.pstatp.com/list/1dca0002e78bd2eb72b6');
INSERT INTO `news` VALUES ('129', '2', 'http://toutiao.com/group/6415733543044907521/', '雄安新区将配套什么水平的医疗教育资源？习近平一句话指明方向', '记录阳光', '73', '2017-05-03 18:55:00', '', '', '');
INSERT INTO `news` VALUES ('130', '2', 'http://toutiao.com/group/6415726313801695490/', '云南27岁在押犯抢车冲破隔离网越狱 曾因贩毒被判无期', '中国青年网', '2510', '2017-05-03 18:45:00', '', '', '');
INSERT INTO `news` VALUES ('131', '2', 'http://toutiao.com/group/6415723185581867266/', '农村故事：农村特种兵美女返乡受欺负，看她是怎么处理的', '爱人终归是风', '22', '2017-05-03 18:35:00', '', '', '');
INSERT INTO `news` VALUES ('132', '2', 'http://dytz.dyjr88.com/template/html/70/5901562963870.html', '本地加微信学炒股，每天免费领3只牛股，不花钱！', '钱坤证券', '2', '2017-05-03 18:25:00', 'http://p1.pstatp.com/list/1dd0000d325465e5da53', 'http://p3.pstatp.com/list/1dd2000d337db0736abb', 'http://p3.pstatp.com/list/1db000153a51c799d2e5');
INSERT INTO `news` VALUES ('133', '2', 'http://toutiao.com/group/6415695724499599617/', '生命最后一刻 战地摄影师记录爆炸瞬间', '东方IC图说国际', '59', '2017-05-03 18:55:00', '', '', '');
INSERT INTO `news` VALUES ('134', '2', 'http://toutiao.com/group/6415816573000679681/', '云南省公安厅A级通缉令', '云南警方', '200', '2017-05-03 18:55:00', '', '', '');
INSERT INTO `news` VALUES ('135', '2', 'http://toutiao.com/group/6415725439562039553/', '世界首台超越早期经典计算机的光量子计算机在中国诞生！', '解放军报融媒体', '2822', '2017-05-03 18:55:00', 'http://p3.pstatp.com/list/1dc80000011d7f3e8890', 'http://p1.pstatp.com/list/1dca0002d636e5b6a91f', 'http://p3.pstatp.com/list/1dc000065a60b760f924');
INSERT INTO `news` VALUES ('136', '2', 'http://m.haiwainet.cn/ttc/3541093/2017/0503/content_30893086_1.html', '570架C919大型客机被谁买走了？', '证券之星', '320', '2017-05-03 18:55:00', '', '', '');
INSERT INTO `news` VALUES ('137', '2', 'http://toutiao.com/group/6415695724499599617/', '生命最后一刻 战地摄影师记录爆炸瞬间', '东方IC图说国际', '59', '2017-05-03 18:55:00', '', '', '');
INSERT INTO `news` VALUES ('138', '2', 'http://toutiao.com/group/6415816573000679681/', '云南省公安厅A级通缉令', '云南警方', '200', '2017-05-03 18:55:00', '', '', '');
INSERT INTO `news` VALUES ('139', '2', 'http://toutiao.com/group/6415725439562039553/', '世界首台超越早期经典计算机的光量子计算机在中国诞生！', '解放军报融媒体', '2822', '2017-05-03 18:55:00', 'http://p3.pstatp.com/list/1dc80000011d7f3e8890', 'http://p1.pstatp.com/list/1dca0002d636e5b6a91f', 'http://p3.pstatp.com/list/1dc000065a60b760f924');
INSERT INTO `news` VALUES ('140', '2', 'http://m.haiwainet.cn/ttc/3541093/2017/0503/content_30893086_1.html', '570架C919大型客机被谁买走了？', '证券之星', '320', '2017-05-03 18:55:00', '', '', '');
INSERT INTO `news` VALUES ('141', '2', 'http://toutiao.com/group/6415608502514008321/', '陈式太极拳传人派弟子约战徐晓冬：如果被KO 退出武术界', '成都商报客户端', '33945', '2017-05-03 18:55:00', 'http://p3.pstatp.com/list/1e1b00062bc320d3930d', 'http://p9.pstatp.com/list/1e1e00016c22f8f79e10', 'http://p2.pstatp.com/list/1e1a0006958e21495f72');
INSERT INTO `news` VALUES ('142', '2', 'http://toutiao.com/group/6415738087691911426/', '这下真坏菜了！上台折腾一年 蔡英文收到“政权病危通知书”', '中国台湾网', '988', '2017-05-03 18:55:00', 'http://p3.pstatp.com/list/1dbe0002e5f140ed0286', 'http://p3.pstatp.com/list/1f7b000012cd8fc846bd', 'http://p3.pstatp.com/list/1dca0002e78bd2eb72b6');
INSERT INTO `news` VALUES ('143', '2', 'http://toutiao.com/group/6415733543044907521/', '雄安新区将配套什么水平的医疗教育资源？习近平一句话指明方向', '记录阳光', '73', '2017-05-03 18:55:00', '', '', '');
INSERT INTO `news` VALUES ('144', '2', 'http://toutiao.com/group/6415726313801695490/', '云南27岁在押犯抢车冲破隔离网越狱 曾因贩毒被判无期', '中国青年网', '2510', '2017-05-03 18:45:00', '', '', '');
INSERT INTO `news` VALUES ('145', '2', 'http://toutiao.com/group/6415723185581867266/', '农村故事：农村特种兵美女返乡受欺负，看她是怎么处理的', '爱人终归是风', '22', '2017-05-03 18:35:00', '', '', '');
INSERT INTO `news` VALUES ('146', '2', 'http://dytz.dyjr88.com/template/html/70/5901562963870.html', '本地加微信学炒股，每天免费领3只牛股，不花钱！', '钱坤证券', '2', '2017-05-03 18:25:00', 'http://p1.pstatp.com/list/1dd0000d325465e5da53', 'http://p3.pstatp.com/list/1dd2000d337db0736abb', 'http://p3.pstatp.com/list/1db000153a51c799d2e5');
INSERT INTO `news` VALUES ('147', '2', 'http://toutiao.com/group/6415695724499599617/', '生命最后一刻 战地摄影师记录爆炸瞬间', '东方IC图说国际', '59', '2017-05-03 18:55:00', '', '', '');
INSERT INTO `news` VALUES ('148', '2', 'http://toutiao.com/group/6415816573000679681/', '云南省公安厅A级通缉令', '云南警方', '200', '2017-05-03 18:55:00', '', '', '');
INSERT INTO `news` VALUES ('149', '2', 'http://toutiao.com/group/6415725439562039553/', '世界首台超越早期经典计算机的光量子计算机在中国诞生！', '解放军报融媒体', '2822', '2017-05-03 18:55:00', 'http://p3.pstatp.com/list/1dc80000011d7f3e8890', 'http://p1.pstatp.com/list/1dca0002d636e5b6a91f', 'http://p3.pstatp.com/list/1dc000065a60b760f924');
INSERT INTO `news` VALUES ('150', '2', 'http://m.haiwainet.cn/ttc/3541093/2017/0503/content_30893086_1.html', '570架C919大型客机被谁买走了？', '证券之星', '320', '2017-05-03 18:55:00', '', '', '');
INSERT INTO `news` VALUES ('151', '3', 'http://toutiao.com/group/6415608502514008321/', '陈式太极拳传人派弟子约战徐晓冬：如果被KO 退出武术界', '成都商报客户端', '33945', '2017-05-03 18:55:00', 'http://p3.pstatp.com/list/1e1b00062bc320d3930d', 'http://p9.pstatp.com/list/1e1e00016c22f8f79e10', 'http://p2.pstatp.com/list/1e1a0006958e21495f72');
INSERT INTO `news` VALUES ('152', '3', 'http://toutiao.com/group/6415738087691911426/', '这下真坏菜了！上台折腾一年 蔡英文收到“政权病危通知书”', '中国台湾网', '988', '2017-05-03 18:55:00', 'http://p3.pstatp.com/list/1dbe0002e5f140ed0286', 'http://p3.pstatp.com/list/1f7b000012cd8fc846bd', 'http://p3.pstatp.com/list/1dca0002e78bd2eb72b6');
INSERT INTO `news` VALUES ('153', '3', 'http://toutiao.com/group/6415733543044907521/', '雄安新区将配套什么水平的医疗教育资源？习近平一句话指明方向', '记录阳光', '73', '2017-05-03 18:55:00', '', '', '');
INSERT INTO `news` VALUES ('154', '3', 'http://toutiao.com/group/6415726313801695490/', '云南27岁在押犯抢车冲破隔离网越狱 曾因贩毒被判无期', '中国青年网', '2510', '2017-05-03 18:45:00', '', '', '');
INSERT INTO `news` VALUES ('155', '3', 'http://toutiao.com/group/6415723185581867266/', '农村故事：农村特种兵美女返乡受欺负，看她是怎么处理的', '爱人终归是风', '22', '2017-05-03 18:35:00', '', '', '');
INSERT INTO `news` VALUES ('156', '3', 'http://dytz.dyjr88.com/template/html/70/5901562963870.html', '本地加微信学炒股，每天免费领3只牛股，不花钱！', '钱坤证券', '2', '2017-05-03 18:25:00', 'http://p1.pstatp.com/list/1dd0000d325465e5da53', 'http://p3.pstatp.com/list/1dd2000d337db0736abb', 'http://p3.pstatp.com/list/1db000153a51c799d2e5');
INSERT INTO `news` VALUES ('157', '3', 'http://toutiao.com/group/6415695724499599617/', '生命最后一刻 战地摄影师记录爆炸瞬间', '东方IC图说国际', '59', '2017-05-03 18:55:00', '', '', '');
INSERT INTO `news` VALUES ('158', '3', 'http://toutiao.com/group/6415816573000679681/', '云南省公安厅A级通缉令', '云南警方', '200', '2017-05-03 18:55:00', '', '', '');
INSERT INTO `news` VALUES ('159', '3', 'http://toutiao.com/group/6415725439562039553/', '世界首台超越早期经典计算机的光量子计算机在中国诞生！', '解放军报融媒体', '2822', '2017-05-03 18:55:00', 'http://p3.pstatp.com/list/1dc80000011d7f3e8890', 'http://p1.pstatp.com/list/1dca0002d636e5b6a91f', 'http://p3.pstatp.com/list/1dc000065a60b760f924');
INSERT INTO `news` VALUES ('160', '3', 'http://m.haiwainet.cn/ttc/3541093/2017/0503/content_30893086_1.html', '570架C919大型客机被谁买走了？', '证券之星', '320', '2017-05-03 18:55:00', '', '', '');
INSERT INTO `news` VALUES ('161', '3', 'http://toutiao.com/group/6415695724499599617/', '生命最后一刻 战地摄影师记录爆炸瞬间', '东方IC图说国际', '59', '2017-05-03 18:55:00', '', '', '');
INSERT INTO `news` VALUES ('162', '3', 'http://toutiao.com/group/6415816573000679681/', '云南省公安厅A级通缉令', '云南警方', '200', '2017-05-03 18:55:00', '', '', '');
INSERT INTO `news` VALUES ('163', '3', 'http://toutiao.com/group/6415725439562039553/', '世界首台超越早期经典计算机的光量子计算机在中国诞生！', '解放军报融媒体', '2822', '2017-05-03 18:55:00', 'http://p3.pstatp.com/list/1dc80000011d7f3e8890', 'http://p1.pstatp.com/list/1dca0002d636e5b6a91f', 'http://p3.pstatp.com/list/1dc000065a60b760f924');
INSERT INTO `news` VALUES ('164', '3', 'http://m.haiwainet.cn/ttc/3541093/2017/0503/content_30893086_1.html', '570架C919大型客机被谁买走了？', '证券之星', '320', '2017-05-03 18:55:00', '', '', '');
INSERT INTO `news` VALUES ('165', '3', 'http://toutiao.com/group/6415608502514008321/', '陈式太极拳传人派弟子约战徐晓冬：如果被KO 退出武术界', '成都商报客户端', '33945', '2017-05-03 18:55:00', 'http://p3.pstatp.com/list/1e1b00062bc320d3930d', 'http://p9.pstatp.com/list/1e1e00016c22f8f79e10', 'http://p2.pstatp.com/list/1e1a0006958e21495f72');
INSERT INTO `news` VALUES ('166', '3', 'http://toutiao.com/group/6415738087691911426/', '这下真坏菜了！上台折腾一年 蔡英文收到“政权病危通知书”', '中国台湾网', '988', '2017-05-03 18:55:00', 'http://p3.pstatp.com/list/1dbe0002e5f140ed0286', 'http://p3.pstatp.com/list/1f7b000012cd8fc846bd', 'http://p3.pstatp.com/list/1dca0002e78bd2eb72b6');
INSERT INTO `news` VALUES ('167', '3', 'http://toutiao.com/group/6415733543044907521/', '雄安新区将配套什么水平的医疗教育资源？习近平一句话指明方向', '记录阳光', '73', '2017-05-03 18:55:00', '', '', '');
INSERT INTO `news` VALUES ('168', '3', 'http://toutiao.com/group/6415726313801695490/', '云南27岁在押犯抢车冲破隔离网越狱 曾因贩毒被判无期', '中国青年网', '2510', '2017-05-03 18:45:00', '', '', '');
INSERT INTO `news` VALUES ('169', '3', 'http://toutiao.com/group/6415723185581867266/', '农村故事：农村特种兵美女返乡受欺负，看她是怎么处理的', '爱人终归是风', '22', '2017-05-03 18:35:00', '', '', '');
INSERT INTO `news` VALUES ('170', '3', 'http://dytz.dyjr88.com/template/html/70/5901562963870.html', '本地加微信学炒股，每天免费领3只牛股，不花钱！', '钱坤证券', '2', '2017-05-03 18:25:00', 'http://p1.pstatp.com/list/1dd0000d325465e5da53', 'http://p3.pstatp.com/list/1dd2000d337db0736abb', 'http://p3.pstatp.com/list/1db000153a51c799d2e5');
INSERT INTO `news` VALUES ('171', '3', 'http://toutiao.com/group/6415695724499599617/', '生命最后一刻 战地摄影师记录爆炸瞬间', '东方IC图说国际', '59', '2017-05-03 18:55:00', '', '', '');
INSERT INTO `news` VALUES ('172', '3', 'http://toutiao.com/group/6415816573000679681/', '云南省公安厅A级通缉令', '云南警方', '200', '2017-05-03 18:55:00', '', '', '');
INSERT INTO `news` VALUES ('173', '3', 'http://toutiao.com/group/6415725439562039553/', '世界首台超越早期经典计算机的光量子计算机在中国诞生！', '解放军报融媒体', '2822', '2017-05-03 18:55:00', 'http://p3.pstatp.com/list/1dc80000011d7f3e8890', 'http://p1.pstatp.com/list/1dca0002d636e5b6a91f', 'http://p3.pstatp.com/list/1dc000065a60b760f924');
INSERT INTO `news` VALUES ('174', '3', 'http://m.haiwainet.cn/ttc/3541093/2017/0503/content_30893086_1.html', '570架C919大型客机被谁买走了？', '证券之星', '320', '2017-05-03 18:55:00', '', '', '');
INSERT INTO `news` VALUES ('175', '3', 'http://toutiao.com/group/6415608502514008321/', '陈式太极拳传人派弟子约战徐晓冬：如果被KO 退出武术界', '成都商报客户端', '33945', '2017-05-03 18:55:00', 'http://p3.pstatp.com/list/1e1b00062bc320d3930d', 'http://p9.pstatp.com/list/1e1e00016c22f8f79e10', 'http://p2.pstatp.com/list/1e1a0006958e21495f72');
INSERT INTO `news` VALUES ('176', '3', 'http://toutiao.com/group/6415738087691911426/', '这下真坏菜了！上台折腾一年 蔡英文收到“政权病危通知书”', '中国台湾网', '988', '2017-05-03 18:55:00', 'http://p3.pstatp.com/list/1dbe0002e5f140ed0286', 'http://p3.pstatp.com/list/1f7b000012cd8fc846bd', 'http://p3.pstatp.com/list/1dca0002e78bd2eb72b6');
INSERT INTO `news` VALUES ('177', '3', 'http://toutiao.com/group/6415733543044907521/', '雄安新区将配套什么水平的医疗教育资源？习近平一句话指明方向', '记录阳光', '73', '2017-05-03 18:55:00', '', '', '');
INSERT INTO `news` VALUES ('178', '3', 'http://toutiao.com/group/6415726313801695490/', '云南27岁在押犯抢车冲破隔离网越狱 曾因贩毒被判无期', '中国青年网', '2510', '2017-05-03 18:45:00', '', '', '');
INSERT INTO `news` VALUES ('179', '3', 'http://toutiao.com/group/6415723185581867266/', '农村故事：农村特种兵美女返乡受欺负，看她是怎么处理的', '爱人终归是风', '22', '2017-05-03 18:35:00', '', '', '');
INSERT INTO `news` VALUES ('180', '3', 'http://dytz.dyjr88.com/template/html/70/5901562963870.html', '本地加微信学炒股，每天免费领3只牛股，不花钱！', '钱坤证券', '2', '2017-05-03 18:25:00', 'http://p1.pstatp.com/list/1dd0000d325465e5da53', 'http://p3.pstatp.com/list/1dd2000d337db0736abb', 'http://p3.pstatp.com/list/1db000153a51c799d2e5');
INSERT INTO `news` VALUES ('181', '3', 'http://toutiao.com/group/6415695724499599617/', '生命最后一刻 战地摄影师记录爆炸瞬间', '东方IC图说国际', '59', '2017-05-03 18:55:00', '', '', '');
INSERT INTO `news` VALUES ('182', '3', 'http://toutiao.com/group/6415816573000679681/', '云南省公安厅A级通缉令', '云南警方', '200', '2017-05-03 18:55:00', '', '', '');
INSERT INTO `news` VALUES ('183', '3', 'http://toutiao.com/group/6415725439562039553/', '世界首台超越早期经典计算机的光量子计算机在中国诞生！', '解放军报融媒体', '2822', '2017-05-03 18:55:00', 'http://p3.pstatp.com/list/1dc80000011d7f3e8890', 'http://p1.pstatp.com/list/1dca0002d636e5b6a91f', 'http://p3.pstatp.com/list/1dc000065a60b760f924');
INSERT INTO `news` VALUES ('184', '3', 'http://m.haiwainet.cn/ttc/3541093/2017/0503/content_30893086_1.html', '570架C919大型客机被谁买走了？', '证券之星', '320', '2017-05-03 18:55:00', '', '', '');
INSERT INTO `news` VALUES ('185', '3', 'http://toutiao.com/group/6415695724499599617/', '生命最后一刻 战地摄影师记录爆炸瞬间', '东方IC图说国际', '59', '2017-05-03 18:55:00', '', '', '');
INSERT INTO `news` VALUES ('186', '3', 'http://toutiao.com/group/6415816573000679681/', '云南省公安厅A级通缉令', '云南警方', '200', '2017-05-03 18:55:00', '', '', '');
INSERT INTO `news` VALUES ('187', '3', 'http://toutiao.com/group/6415725439562039553/', '世界首台超越早期经典计算机的光量子计算机在中国诞生！', '解放军报融媒体', '2822', '2017-05-03 18:55:00', 'http://p3.pstatp.com/list/1dc80000011d7f3e8890', 'http://p1.pstatp.com/list/1dca0002d636e5b6a91f', 'http://p3.pstatp.com/list/1dc000065a60b760f924');
INSERT INTO `news` VALUES ('188', '3', 'http://m.haiwainet.cn/ttc/3541093/2017/0503/content_30893086_1.html', '570架C919大型客机被谁买走了？', '证券之星', '320', '2017-05-03 18:55:00', '', '', '');
INSERT INTO `news` VALUES ('189', '3', 'http://toutiao.com/group/6415608502514008321/', '陈式太极拳传人派弟子约战徐晓冬：如果被KO 退出武术界', '成都商报客户端', '33945', '2017-05-03 18:55:00', 'http://p3.pstatp.com/list/1e1b00062bc320d3930d', 'http://p9.pstatp.com/list/1e1e00016c22f8f79e10', 'http://p2.pstatp.com/list/1e1a0006958e21495f72');
INSERT INTO `news` VALUES ('190', '3', 'http://toutiao.com/group/6415738087691911426/', '这下真坏菜了！上台折腾一年 蔡英文收到“政权病危通知书”', '中国台湾网', '988', '2017-05-03 18:55:00', 'http://p3.pstatp.com/list/1dbe0002e5f140ed0286', 'http://p3.pstatp.com/list/1f7b000012cd8fc846bd', 'http://p3.pstatp.com/list/1dca0002e78bd2eb72b6');
INSERT INTO `news` VALUES ('191', '3', 'http://toutiao.com/group/6415733543044907521/', '雄安新区将配套什么水平的医疗教育资源？习近平一句话指明方向', '记录阳光', '73', '2017-05-03 18:55:00', '', '', '');
INSERT INTO `news` VALUES ('192', '3', 'http://toutiao.com/group/6415726313801695490/', '云南27岁在押犯抢车冲破隔离网越狱 曾因贩毒被判无期', '中国青年网', '2510', '2017-05-03 18:45:00', '', '', '');
INSERT INTO `news` VALUES ('193', '3', 'http://toutiao.com/group/6415723185581867266/', '农村故事：农村特种兵美女返乡受欺负，看她是怎么处理的', '爱人终归是风', '22', '2017-05-03 18:35:00', '', '', '');
INSERT INTO `news` VALUES ('194', '3', 'http://dytz.dyjr88.com/template/html/70/5901562963870.html', '本地加微信学炒股，每天免费领3只牛股，不花钱！', '钱坤证券', '2', '2017-05-03 18:25:00', 'http://p1.pstatp.com/list/1dd0000d325465e5da53', 'http://p3.pstatp.com/list/1dd2000d337db0736abb', 'http://p3.pstatp.com/list/1db000153a51c799d2e5');
INSERT INTO `news` VALUES ('195', '3', 'http://toutiao.com/group/6415695724499599617/', '生命最后一刻 战地摄影师记录爆炸瞬间', '东方IC图说国际', '59', '2017-05-03 18:55:00', '', '', '');
INSERT INTO `news` VALUES ('196', '3', 'http://toutiao.com/group/6415816573000679681/', '云南省公安厅A级通缉令', '云南警方', '200', '2017-05-03 18:55:00', '', '', '');
INSERT INTO `news` VALUES ('197', '3', 'http://toutiao.com/group/6415725439562039553/', '世界首台超越早期经典计算机的光量子计算机在中国诞生！', '解放军报融媒体', '2822', '2017-05-03 18:55:00', 'http://p3.pstatp.com/list/1dc80000011d7f3e8890', 'http://p1.pstatp.com/list/1dca0002d636e5b6a91f', 'http://p3.pstatp.com/list/1dc000065a60b760f924');
INSERT INTO `news` VALUES ('198', '3', 'http://m.haiwainet.cn/ttc/3541093/2017/0503/content_30893086_1.html', '570架C919大型客机被谁买走了？', '证券之星', '320', '2017-05-03 18:55:00', '', '', '');
INSERT INTO `news` VALUES ('199', '3', 'http://toutiao.com/group/6415608502514008321/', '陈式太极拳传人派弟子约战徐晓冬：如果被KO 退出武术界', '成都商报客户端', '33945', '2017-05-03 18:55:00', 'http://p3.pstatp.com/list/1e1b00062bc320d3930d', 'http://p9.pstatp.com/list/1e1e00016c22f8f79e10', 'http://p2.pstatp.com/list/1e1a0006958e21495f72');
INSERT INTO `news` VALUES ('200', '3', 'http://toutiao.com/group/6415738087691911426/', '这下真坏菜了！上台折腾一年 蔡英文收到“政权病危通知书”', '中国台湾网', '988', '2017-05-03 18:55:00', 'http://p3.pstatp.com/list/1dbe0002e5f140ed0286', 'http://p3.pstatp.com/list/1f7b000012cd8fc846bd', 'http://p3.pstatp.com/list/1dca0002e78bd2eb72b6');
INSERT INTO `news` VALUES ('201', '4', 'http://toutiao.com/group/6415733543044907521/', '雄安新区将配套什么水平的医疗教育资源？习近平一句话指明方向', '记录阳光', '73', '2017-05-03 18:55:00', '', '', '');
INSERT INTO `news` VALUES ('202', '4', 'http://toutiao.com/group/6415726313801695490/', '云南27岁在押犯抢车冲破隔离网越狱 曾因贩毒被判无期', '中国青年网', '2510', '2017-05-03 18:45:00', '', '', '');
INSERT INTO `news` VALUES ('203', '4', 'http://toutiao.com/group/6415723185581867266/', '农村故事：农村特种兵美女返乡受欺负，看她是怎么处理的', '爱人终归是风', '22', '2017-05-03 18:35:00', '', '', '');
INSERT INTO `news` VALUES ('204', '4', 'http://dytz.dyjr88.com/template/html/70/5901562963870.html', '本地加微信学炒股，每天免费领3只牛股，不花钱！', '钱坤证券', '2', '2017-05-03 18:25:00', 'http://p1.pstatp.com/list/1dd0000d325465e5da53', 'http://p3.pstatp.com/list/1dd2000d337db0736abb', 'http://p3.pstatp.com/list/1db000153a51c799d2e5');
INSERT INTO `news` VALUES ('205', '4', 'http://toutiao.com/group/6415695724499599617/', '生命最后一刻 战地摄影师记录爆炸瞬间', '东方IC图说国际', '59', '2017-05-03 18:55:00', '', '', '');
INSERT INTO `news` VALUES ('206', '4', 'http://toutiao.com/group/6415816573000679681/', '云南省公安厅A级通缉令', '云南警方', '200', '2017-05-03 18:55:00', '', '', '');
INSERT INTO `news` VALUES ('207', '4', 'http://toutiao.com/group/6415725439562039553/', '世界首台超越早期经典计算机的光量子计算机在中国诞生！', '解放军报融媒体', '2822', '2017-05-03 18:55:00', 'http://p3.pstatp.com/list/1dc80000011d7f3e8890', 'http://p1.pstatp.com/list/1dca0002d636e5b6a91f', 'http://p3.pstatp.com/list/1dc000065a60b760f924');
INSERT INTO `news` VALUES ('208', '4', 'http://m.haiwainet.cn/ttc/3541093/2017/0503/content_30893086_1.html', '570架C919大型客机被谁买走了？', '证券之星', '320', '2017-05-03 18:55:00', '', '', '');
INSERT INTO `news` VALUES ('209', '4', 'http://toutiao.com/group/6415695724499599617/', '生命最后一刻 战地摄影师记录爆炸瞬间', '东方IC图说国际', '59', '2017-05-03 18:55:00', '', '', '');
INSERT INTO `news` VALUES ('210', '4', 'http://toutiao.com/group/6415816573000679681/', '云南省公安厅A级通缉令', '云南警方', '200', '2017-05-03 18:55:00', '', '', '');
INSERT INTO `news` VALUES ('211', '4', 'http://toutiao.com/group/6415725439562039553/', '世界首台超越早期经典计算机的光量子计算机在中国诞生！', '解放军报融媒体', '2822', '2017-05-03 18:55:00', 'http://p3.pstatp.com/list/1dc80000011d7f3e8890', 'http://p1.pstatp.com/list/1dca0002d636e5b6a91f', 'http://p3.pstatp.com/list/1dc000065a60b760f924');
INSERT INTO `news` VALUES ('212', '4', 'http://m.haiwainet.cn/ttc/3541093/2017/0503/content_30893086_1.html', '570架C919大型客机被谁买走了？', '证券之星', '320', '2017-05-03 18:55:00', '', '', '');
INSERT INTO `news` VALUES ('213', '4', 'http://toutiao.com/group/6415608502514008321/', '陈式太极拳传人派弟子约战徐晓冬：如果被KO 退出武术界', '成都商报客户端', '33945', '2017-05-03 18:55:00', 'http://p3.pstatp.com/list/1e1b00062bc320d3930d', 'http://p9.pstatp.com/list/1e1e00016c22f8f79e10', 'http://p2.pstatp.com/list/1e1a0006958e21495f72');
INSERT INTO `news` VALUES ('214', '4', 'http://toutiao.com/group/6415738087691911426/', '这下真坏菜了！上台折腾一年 蔡英文收到“政权病危通知书”', '中国台湾网', '988', '2017-05-03 18:55:00', 'http://p3.pstatp.com/list/1dbe0002e5f140ed0286', 'http://p3.pstatp.com/list/1f7b000012cd8fc846bd', 'http://p3.pstatp.com/list/1dca0002e78bd2eb72b6');
INSERT INTO `news` VALUES ('215', '4', 'http://toutiao.com/group/6415733543044907521/', '雄安新区将配套什么水平的医疗教育资源？习近平一句话指明方向', '记录阳光', '73', '2017-05-03 18:55:00', '', '', '');
INSERT INTO `news` VALUES ('216', '4', 'http://toutiao.com/group/6415726313801695490/', '云南27岁在押犯抢车冲破隔离网越狱 曾因贩毒被判无期', '中国青年网', '2510', '2017-05-03 18:45:00', '', '', '');
INSERT INTO `news` VALUES ('217', '4', 'http://toutiao.com/group/6415723185581867266/', '农村故事：农村特种兵美女返乡受欺负，看她是怎么处理的', '爱人终归是风', '22', '2017-05-03 18:35:00', '', '', '');
INSERT INTO `news` VALUES ('218', '4', 'http://dytz.dyjr88.com/template/html/70/5901562963870.html', '本地加微信学炒股，每天免费领3只牛股，不花钱！', '钱坤证券', '2', '2017-05-03 18:25:00', 'http://p1.pstatp.com/list/1dd0000d325465e5da53', 'http://p3.pstatp.com/list/1dd2000d337db0736abb', 'http://p3.pstatp.com/list/1db000153a51c799d2e5');
INSERT INTO `news` VALUES ('219', '4', 'http://toutiao.com/group/6415695724499599617/', '生命最后一刻 战地摄影师记录爆炸瞬间', '东方IC图说国际', '59', '2017-05-03 18:55:00', '', '', '');
INSERT INTO `news` VALUES ('220', '4', 'http://toutiao.com/group/6415816573000679681/', '云南省公安厅A级通缉令', '云南警方', '200', '2017-05-03 18:55:00', '', '', '');
INSERT INTO `news` VALUES ('221', '4', 'http://toutiao.com/group/6415725439562039553/', '世界首台超越早期经典计算机的光量子计算机在中国诞生！', '解放军报融媒体', '2822', '2017-05-03 18:55:00', 'http://p3.pstatp.com/list/1dc80000011d7f3e8890', 'http://p1.pstatp.com/list/1dca0002d636e5b6a91f', 'http://p3.pstatp.com/list/1dc000065a60b760f924');
INSERT INTO `news` VALUES ('222', '4', 'http://m.haiwainet.cn/ttc/3541093/2017/0503/content_30893086_1.html', '570架C919大型客机被谁买走了？', '证券之星', '320', '2017-05-03 18:55:00', '', '', '');
INSERT INTO `news` VALUES ('223', '4', 'http://toutiao.com/group/6415608502514008321/', '陈式太极拳传人派弟子约战徐晓冬：如果被KO 退出武术界', '成都商报客户端', '33945', '2017-05-03 18:55:00', 'http://p3.pstatp.com/list/1e1b00062bc320d3930d', 'http://p9.pstatp.com/list/1e1e00016c22f8f79e10', 'http://p2.pstatp.com/list/1e1a0006958e21495f72');
INSERT INTO `news` VALUES ('224', '4', 'http://toutiao.com/group/6415738087691911426/', '这下真坏菜了！上台折腾一年 蔡英文收到“政权病危通知书”', '中国台湾网', '988', '2017-05-03 18:55:00', 'http://p3.pstatp.com/list/1dbe0002e5f140ed0286', 'http://p3.pstatp.com/list/1f7b000012cd8fc846bd', 'http://p3.pstatp.com/list/1dca0002e78bd2eb72b6');
INSERT INTO `news` VALUES ('225', '4', 'http://toutiao.com/group/6415733543044907521/', '雄安新区将配套什么水平的医疗教育资源？习近平一句话指明方向', '记录阳光', '73', '2017-05-03 18:55:00', '', '', '');
INSERT INTO `news` VALUES ('226', '4', 'http://toutiao.com/group/6415726313801695490/', '云南27岁在押犯抢车冲破隔离网越狱 曾因贩毒被判无期', '中国青年网', '2510', '2017-05-03 18:45:00', '', '', '');
INSERT INTO `news` VALUES ('227', '4', 'http://toutiao.com/group/6415723185581867266/', '农村故事：农村特种兵美女返乡受欺负，看她是怎么处理的', '爱人终归是风', '22', '2017-05-03 18:35:00', '', '', '');
INSERT INTO `news` VALUES ('228', '4', 'http://dytz.dyjr88.com/template/html/70/5901562963870.html', '本地加微信学炒股，每天免费领3只牛股，不花钱！', '钱坤证券', '2', '2017-05-03 18:25:00', 'http://p1.pstatp.com/list/1dd0000d325465e5da53', 'http://p3.pstatp.com/list/1dd2000d337db0736abb', 'http://p3.pstatp.com/list/1db000153a51c799d2e5');
INSERT INTO `news` VALUES ('229', '4', 'http://toutiao.com/group/6415695724499599617/', '生命最后一刻 战地摄影师记录爆炸瞬间', '东方IC图说国际', '59', '2017-05-03 18:55:00', '', '', '');
INSERT INTO `news` VALUES ('230', '4', 'http://toutiao.com/group/6415816573000679681/', '云南省公安厅A级通缉令', '云南警方', '200', '2017-05-03 18:55:00', '', '', '');
INSERT INTO `news` VALUES ('231', '4', 'http://toutiao.com/group/6415725439562039553/', '世界首台超越早期经典计算机的光量子计算机在中国诞生！', '解放军报融媒体', '2822', '2017-05-03 18:55:00', 'http://p3.pstatp.com/list/1dc80000011d7f3e8890', 'http://p1.pstatp.com/list/1dca0002d636e5b6a91f', 'http://p3.pstatp.com/list/1dc000065a60b760f924');
INSERT INTO `news` VALUES ('232', '4', 'http://m.haiwainet.cn/ttc/3541093/2017/0503/content_30893086_1.html', '570架C919大型客机被谁买走了？', '证券之星', '320', '2017-05-03 18:55:00', '', '', '');
INSERT INTO `news` VALUES ('233', '4', 'http://toutiao.com/group/6415695724499599617/', '生命最后一刻 战地摄影师记录爆炸瞬间', '东方IC图说国际', '59', '2017-05-03 18:55:00', '', '', '');
INSERT INTO `news` VALUES ('234', '4', 'http://toutiao.com/group/6415816573000679681/', '云南省公安厅A级通缉令', '云南警方', '200', '2017-05-03 18:55:00', '', '', '');
INSERT INTO `news` VALUES ('235', '4', 'http://toutiao.com/group/6415725439562039553/', '世界首台超越早期经典计算机的光量子计算机在中国诞生！', '解放军报融媒体', '2822', '2017-05-03 18:55:00', 'http://p3.pstatp.com/list/1dc80000011d7f3e8890', 'http://p1.pstatp.com/list/1dca0002d636e5b6a91f', 'http://p3.pstatp.com/list/1dc000065a60b760f924');
INSERT INTO `news` VALUES ('236', '4', 'http://m.haiwainet.cn/ttc/3541093/2017/0503/content_30893086_1.html', '570架C919大型客机被谁买走了？', '证券之星', '320', '2017-05-03 18:55:00', '', '', '');
INSERT INTO `news` VALUES ('237', '4', 'http://toutiao.com/group/6415608502514008321/', '陈式太极拳传人派弟子约战徐晓冬：如果被KO 退出武术界', '成都商报客户端', '33945', '2017-05-03 18:55:00', 'http://p3.pstatp.com/list/1e1b00062bc320d3930d', 'http://p9.pstatp.com/list/1e1e00016c22f8f79e10', 'http://p2.pstatp.com/list/1e1a0006958e21495f72');
INSERT INTO `news` VALUES ('238', '4', 'http://toutiao.com/group/6415738087691911426/', '这下真坏菜了！上台折腾一年 蔡英文收到“政权病危通知书”', '中国台湾网', '988', '2017-05-03 18:55:00', 'http://p3.pstatp.com/list/1dbe0002e5f140ed0286', 'http://p3.pstatp.com/list/1f7b000012cd8fc846bd', 'http://p3.pstatp.com/list/1dca0002e78bd2eb72b6');
INSERT INTO `news` VALUES ('239', '4', 'http://toutiao.com/group/6415733543044907521/', '雄安新区将配套什么水平的医疗教育资源？习近平一句话指明方向', '记录阳光', '73', '2017-05-03 18:55:00', '', '', '');
INSERT INTO `news` VALUES ('240', '4', 'http://toutiao.com/group/6415726313801695490/', '云南27岁在押犯抢车冲破隔离网越狱 曾因贩毒被判无期', '中国青年网', '2510', '2017-05-03 18:45:00', '', '', '');
INSERT INTO `news` VALUES ('241', '4', 'http://toutiao.com/group/6415723185581867266/', '农村故事：农村特种兵美女返乡受欺负，看她是怎么处理的', '爱人终归是风', '22', '2017-05-03 18:35:00', '', '', '');
INSERT INTO `news` VALUES ('242', '4', 'http://dytz.dyjr88.com/template/html/70/5901562963870.html', '本地加微信学炒股，每天免费领3只牛股，不花钱！', '钱坤证券', '2', '2017-05-03 18:25:00', 'http://p1.pstatp.com/list/1dd0000d325465e5da53', 'http://p3.pstatp.com/list/1dd2000d337db0736abb', 'http://p3.pstatp.com/list/1db000153a51c799d2e5');
INSERT INTO `news` VALUES ('243', '4', 'http://toutiao.com/group/6415695724499599617/', '生命最后一刻 战地摄影师记录爆炸瞬间', '东方IC图说国际', '59', '2017-05-03 18:55:00', '', '', '');
INSERT INTO `news` VALUES ('244', '4', 'http://toutiao.com/group/6415816573000679681/', '云南省公安厅A级通缉令', '云南警方', '200', '2017-05-03 18:55:00', '', '', '');
INSERT INTO `news` VALUES ('245', '4', 'http://toutiao.com/group/6415725439562039553/', '世界首台超越早期经典计算机的光量子计算机在中国诞生！', '解放军报融媒体', '2822', '2017-05-03 18:55:00', 'http://p3.pstatp.com/list/1dc80000011d7f3e8890', 'http://p1.pstatp.com/list/1dca0002d636e5b6a91f', 'http://p3.pstatp.com/list/1dc000065a60b760f924');
INSERT INTO `news` VALUES ('246', '4', 'http://m.haiwainet.cn/ttc/3541093/2017/0503/content_30893086_1.html', '570架C919大型客机被谁买走了？', '证券之星', '320', '2017-05-03 18:55:00', '', '', '');
INSERT INTO `news` VALUES ('247', '4', 'http://toutiao.com/group/6415608502514008321/', '陈式太极拳传人派弟子约战徐晓冬：如果被KO 退出武术界', '成都商报客户端', '33945', '2017-05-03 18:55:00', 'http://p3.pstatp.com/list/1e1b00062bc320d3930d', 'http://p9.pstatp.com/list/1e1e00016c22f8f79e10', 'http://p2.pstatp.com/list/1e1a0006958e21495f72');
INSERT INTO `news` VALUES ('248', '4', 'http://toutiao.com/group/6415738087691911426/', '这下真坏菜了！上台折腾一年 蔡英文收到“政权病危通知书”', '中国台湾网', '988', '2017-05-03 18:55:00', 'http://p3.pstatp.com/list/1dbe0002e5f140ed0286', 'http://p3.pstatp.com/list/1f7b000012cd8fc846bd', 'http://p3.pstatp.com/list/1dca0002e78bd2eb72b6');
INSERT INTO `news` VALUES ('249', '4', 'http://toutiao.com/group/6415733543044907521/', '雄安新区将配套什么水平的医疗教育资源？习近平一句话指明方向', '记录阳光', '73', '2017-05-03 18:55:00', '', '', '');
INSERT INTO `news` VALUES ('250', '4', 'http://toutiao.com/group/6415726313801695490/', '云南27岁在押犯抢车冲破隔离网越狱 曾因贩毒被判无期', '中国青年网', '2510', '2017-05-03 18:45:00', '', '', '');
INSERT INTO `news` VALUES ('251', '5', 'http://toutiao.com/group/6415723185581867266/', '农村故事：农村特种兵美女返乡受欺负，看她是怎么处理的', '爱人终归是风', '22', '2017-05-03 18:35:00', '', '', '');
INSERT INTO `news` VALUES ('252', '5', 'http://dytz.dyjr88.com/template/html/70/5901562963870.html', '本地加微信学炒股，每天免费领3只牛股，不花钱！', '钱坤证券', '2', '2017-05-03 18:25:00', 'http://p1.pstatp.com/list/1dd0000d325465e5da53', 'http://p3.pstatp.com/list/1dd2000d337db0736abb', 'http://p3.pstatp.com/list/1db000153a51c799d2e5');
INSERT INTO `news` VALUES ('253', '5', 'http://toutiao.com/group/6415695724499599617/', '生命最后一刻 战地摄影师记录爆炸瞬间', '东方IC图说国际', '59', '2017-05-03 18:55:00', '', '', '');
INSERT INTO `news` VALUES ('254', '5', 'http://toutiao.com/group/6415816573000679681/', '云南省公安厅A级通缉令', '云南警方', '200', '2017-05-03 18:55:00', '', '', '');
INSERT INTO `news` VALUES ('255', '5', 'http://toutiao.com/group/6415725439562039553/', '世界首台超越早期经典计算机的光量子计算机在中国诞生！', '解放军报融媒体', '2822', '2017-05-03 18:55:00', 'http://p3.pstatp.com/list/1dc80000011d7f3e8890', 'http://p1.pstatp.com/list/1dca0002d636e5b6a91f', 'http://p3.pstatp.com/list/1dc000065a60b760f924');
INSERT INTO `news` VALUES ('256', '5', 'http://m.haiwainet.cn/ttc/3541093/2017/0503/content_30893086_1.html', '570架C919大型客机被谁买走了？', '证券之星', '320', '2017-05-03 18:55:00', '', '', '');
INSERT INTO `news` VALUES ('257', '5', 'http://toutiao.com/group/6415695724499599617/', '生命最后一刻 战地摄影师记录爆炸瞬间', '东方IC图说国际', '59', '2017-05-03 18:55:00', '', '', '');
INSERT INTO `news` VALUES ('258', '5', 'http://toutiao.com/group/6415816573000679681/', '云南省公安厅A级通缉令', '云南警方', '200', '2017-05-03 18:55:00', '', '', '');
INSERT INTO `news` VALUES ('259', '5', 'http://toutiao.com/group/6415725439562039553/', '世界首台超越早期经典计算机的光量子计算机在中国诞生！', '解放军报融媒体', '2822', '2017-05-03 18:55:00', 'http://p3.pstatp.com/list/1dc80000011d7f3e8890', 'http://p1.pstatp.com/list/1dca0002d636e5b6a91f', 'http://p3.pstatp.com/list/1dc000065a60b760f924');
INSERT INTO `news` VALUES ('260', '5', 'http://m.haiwainet.cn/ttc/3541093/2017/0503/content_30893086_1.html', '570架C919大型客机被谁买走了？', '证券之星', '320', '2017-05-03 18:55:00', '', '', '');
INSERT INTO `news` VALUES ('261', '5', 'http://toutiao.com/group/6415608502514008321/', '陈式太极拳传人派弟子约战徐晓冬：如果被KO 退出武术界', '成都商报客户端', '33945', '2017-05-03 18:55:00', 'http://p3.pstatp.com/list/1e1b00062bc320d3930d', 'http://p9.pstatp.com/list/1e1e00016c22f8f79e10', 'http://p2.pstatp.com/list/1e1a0006958e21495f72');
INSERT INTO `news` VALUES ('262', '5', 'http://toutiao.com/group/6415738087691911426/', '这下真坏菜了！上台折腾一年 蔡英文收到“政权病危通知书”', '中国台湾网', '988', '2017-05-03 18:55:00', 'http://p3.pstatp.com/list/1dbe0002e5f140ed0286', 'http://p3.pstatp.com/list/1f7b000012cd8fc846bd', 'http://p3.pstatp.com/list/1dca0002e78bd2eb72b6');
INSERT INTO `news` VALUES ('263', '5', 'http://toutiao.com/group/6415733543044907521/', '雄安新区将配套什么水平的医疗教育资源？习近平一句话指明方向', '记录阳光', '73', '2017-05-03 18:55:00', '', '', '');
INSERT INTO `news` VALUES ('264', '5', 'http://toutiao.com/group/6415726313801695490/', '云南27岁在押犯抢车冲破隔离网越狱 曾因贩毒被判无期', '中国青年网', '2510', '2017-05-03 18:45:00', '', '', '');
INSERT INTO `news` VALUES ('265', '5', 'http://toutiao.com/group/6415723185581867266/', '农村故事：农村特种兵美女返乡受欺负，看她是怎么处理的', '爱人终归是风', '22', '2017-05-03 18:35:00', '', '', '');
INSERT INTO `news` VALUES ('266', '5', 'http://dytz.dyjr88.com/template/html/70/5901562963870.html', '本地加微信学炒股，每天免费领3只牛股，不花钱！', '钱坤证券', '2', '2017-05-03 18:25:00', 'http://p1.pstatp.com/list/1dd0000d325465e5da53', 'http://p3.pstatp.com/list/1dd2000d337db0736abb', 'http://p3.pstatp.com/list/1db000153a51c799d2e5');
INSERT INTO `news` VALUES ('267', '5', 'http://toutiao.com/group/6415695724499599617/', '生命最后一刻 战地摄影师记录爆炸瞬间', '东方IC图说国际', '59', '2017-05-03 18:55:00', '', '', '');
INSERT INTO `news` VALUES ('268', '5', 'http://toutiao.com/group/6415816573000679681/', '云南省公安厅A级通缉令', '云南警方', '200', '2017-05-03 18:55:00', '', '', '');
INSERT INTO `news` VALUES ('269', '5', 'http://toutiao.com/group/6415725439562039553/', '世界首台超越早期经典计算机的光量子计算机在中国诞生！', '解放军报融媒体', '2822', '2017-05-03 18:55:00', 'http://p3.pstatp.com/list/1dc80000011d7f3e8890', 'http://p1.pstatp.com/list/1dca0002d636e5b6a91f', 'http://p3.pstatp.com/list/1dc000065a60b760f924');
INSERT INTO `news` VALUES ('270', '5', 'http://m.haiwainet.cn/ttc/3541093/2017/0503/content_30893086_1.html', '570架C919大型客机被谁买走了？', '证券之星', '320', '2017-05-03 18:55:00', '', '', '');
INSERT INTO `news` VALUES ('271', '5', 'http://toutiao.com/group/6415608502514008321/', '陈式太极拳传人派弟子约战徐晓冬：如果被KO 退出武术界', '成都商报客户端', '33945', '2017-05-03 18:55:00', 'http://p3.pstatp.com/list/1e1b00062bc320d3930d', 'http://p9.pstatp.com/list/1e1e00016c22f8f79e10', 'http://p2.pstatp.com/list/1e1a0006958e21495f72');
INSERT INTO `news` VALUES ('272', '5', 'http://toutiao.com/group/6415738087691911426/', '这下真坏菜了！上台折腾一年 蔡英文收到“政权病危通知书”', '中国台湾网', '988', '2017-05-03 18:55:00', 'http://p3.pstatp.com/list/1dbe0002e5f140ed0286', 'http://p3.pstatp.com/list/1f7b000012cd8fc846bd', 'http://p3.pstatp.com/list/1dca0002e78bd2eb72b6');
INSERT INTO `news` VALUES ('273', '5', 'http://toutiao.com/group/6415733543044907521/', '雄安新区将配套什么水平的医疗教育资源？习近平一句话指明方向', '记录阳光', '73', '2017-05-03 18:55:00', '', '', '');
INSERT INTO `news` VALUES ('274', '5', 'http://toutiao.com/group/6415726313801695490/', '云南27岁在押犯抢车冲破隔离网越狱 曾因贩毒被判无期', '中国青年网', '2510', '2017-05-03 18:45:00', '', '', '');
INSERT INTO `news` VALUES ('275', '5', 'http://toutiao.com/group/6415723185581867266/', '农村故事：农村特种兵美女返乡受欺负，看她是怎么处理的', '爱人终归是风', '22', '2017-05-03 18:35:00', '', '', '');
INSERT INTO `news` VALUES ('276', '5', 'http://dytz.dyjr88.com/template/html/70/5901562963870.html', '本地加微信学炒股，每天免费领3只牛股，不花钱！', '钱坤证券', '2', '2017-05-03 18:25:00', 'http://p1.pstatp.com/list/1dd0000d325465e5da53', 'http://p3.pstatp.com/list/1dd2000d337db0736abb', 'http://p3.pstatp.com/list/1db000153a51c799d2e5');
INSERT INTO `news` VALUES ('277', '5', 'http://toutiao.com/group/6415695724499599617/', '生命最后一刻 战地摄影师记录爆炸瞬间', '东方IC图说国际', '59', '2017-05-03 18:55:00', '', '', '');
INSERT INTO `news` VALUES ('278', '5', 'http://toutiao.com/group/6415816573000679681/', '云南省公安厅A级通缉令', '云南警方', '200', '2017-05-03 18:55:00', '', '', '');
INSERT INTO `news` VALUES ('279', '5', 'http://toutiao.com/group/6415725439562039553/', '世界首台超越早期经典计算机的光量子计算机在中国诞生！', '解放军报融媒体', '2822', '2017-05-03 18:55:00', 'http://p3.pstatp.com/list/1dc80000011d7f3e8890', 'http://p1.pstatp.com/list/1dca0002d636e5b6a91f', 'http://p3.pstatp.com/list/1dc000065a60b760f924');
INSERT INTO `news` VALUES ('280', '5', 'http://m.haiwainet.cn/ttc/3541093/2017/0503/content_30893086_1.html', '570架C919大型客机被谁买走了？', '证券之星', '320', '2017-05-03 18:55:00', '', '', '');
INSERT INTO `news` VALUES ('281', '5', 'http://toutiao.com/group/6415695724499599617/', '生命最后一刻 战地摄影师记录爆炸瞬间', '东方IC图说国际', '59', '2017-05-03 18:55:00', '', '', '');
INSERT INTO `news` VALUES ('282', '5', 'http://toutiao.com/group/6415816573000679681/', '云南省公安厅A级通缉令', '云南警方', '200', '2017-05-03 18:55:00', '', '', '');
INSERT INTO `news` VALUES ('283', '5', 'http://toutiao.com/group/6415725439562039553/', '世界首台超越早期经典计算机的光量子计算机在中国诞生！', '解放军报融媒体', '2822', '2017-05-03 18:55:00', 'http://p3.pstatp.com/list/1dc80000011d7f3e8890', 'http://p1.pstatp.com/list/1dca0002d636e5b6a91f', 'http://p3.pstatp.com/list/1dc000065a60b760f924');
INSERT INTO `news` VALUES ('284', '5', 'http://m.haiwainet.cn/ttc/3541093/2017/0503/content_30893086_1.html', '570架C919大型客机被谁买走了？', '证券之星', '320', '2017-05-03 18:55:00', '', '', '');
INSERT INTO `news` VALUES ('285', '5', 'http://toutiao.com/group/6415608502514008321/', '陈式太极拳传人派弟子约战徐晓冬：如果被KO 退出武术界', '成都商报客户端', '33945', '2017-05-03 18:55:00', 'http://p3.pstatp.com/list/1e1b00062bc320d3930d', 'http://p9.pstatp.com/list/1e1e00016c22f8f79e10', 'http://p2.pstatp.com/list/1e1a0006958e21495f72');
INSERT INTO `news` VALUES ('286', '5', 'http://toutiao.com/group/6415738087691911426/', '这下真坏菜了！上台折腾一年 蔡英文收到“政权病危通知书”', '中国台湾网', '988', '2017-05-03 18:55:00', 'http://p3.pstatp.com/list/1dbe0002e5f140ed0286', 'http://p3.pstatp.com/list/1f7b000012cd8fc846bd', 'http://p3.pstatp.com/list/1dca0002e78bd2eb72b6');
INSERT INTO `news` VALUES ('287', '5', 'http://toutiao.com/group/6415733543044907521/', '雄安新区将配套什么水平的医疗教育资源？习近平一句话指明方向', '记录阳光', '73', '2017-05-03 18:55:00', '', '', '');
INSERT INTO `news` VALUES ('288', '5', 'http://toutiao.com/group/6415726313801695490/', '云南27岁在押犯抢车冲破隔离网越狱 曾因贩毒被判无期', '中国青年网', '2510', '2017-05-03 18:45:00', '', '', '');
INSERT INTO `news` VALUES ('289', '5', 'http://toutiao.com/group/6415723185581867266/', '农村故事：农村特种兵美女返乡受欺负，看她是怎么处理的', '爱人终归是风', '22', '2017-05-03 18:35:00', '', '', '');
INSERT INTO `news` VALUES ('290', '5', 'http://dytz.dyjr88.com/template/html/70/5901562963870.html', '本地加微信学炒股，每天免费领3只牛股，不花钱！', '钱坤证券', '2', '2017-05-03 18:25:00', 'http://p1.pstatp.com/list/1dd0000d325465e5da53', 'http://p3.pstatp.com/list/1dd2000d337db0736abb', 'http://p3.pstatp.com/list/1db000153a51c799d2e5');
INSERT INTO `news` VALUES ('291', '5', 'http://toutiao.com/group/6415695724499599617/', '生命最后一刻 战地摄影师记录爆炸瞬间', '东方IC图说国际', '59', '2017-05-03 18:55:00', '', '', '');
INSERT INTO `news` VALUES ('292', '5', 'http://toutiao.com/group/6415816573000679681/', '云南省公安厅A级通缉令', '云南警方', '200', '2017-05-03 18:55:00', '', '', '');
INSERT INTO `news` VALUES ('293', '5', 'http://toutiao.com/group/6415725439562039553/', '世界首台超越早期经典计算机的光量子计算机在中国诞生！', '解放军报融媒体', '2822', '2017-05-03 18:55:00', 'http://p3.pstatp.com/list/1dc80000011d7f3e8890', 'http://p1.pstatp.com/list/1dca0002d636e5b6a91f', 'http://p3.pstatp.com/list/1dc000065a60b760f924');
INSERT INTO `news` VALUES ('294', '5', 'http://m.haiwainet.cn/ttc/3541093/2017/0503/content_30893086_1.html', '570架C919大型客机被谁买走了？', '证券之星', '320', '2017-05-03 18:55:00', '', '', '');
INSERT INTO `news` VALUES ('295', '5', 'http://toutiao.com/group/6415608502514008321/', '陈式太极拳传人派弟子约战徐晓冬：如果被KO 退出武术界', '成都商报客户端', '33945', '2017-05-03 18:55:00', 'http://p3.pstatp.com/list/1e1b00062bc320d3930d', 'http://p9.pstatp.com/list/1e1e00016c22f8f79e10', 'http://p2.pstatp.com/list/1e1a0006958e21495f72');
INSERT INTO `news` VALUES ('296', '5', 'http://toutiao.com/group/6415738087691911426/', '这下真坏菜了！上台折腾一年 蔡英文收到“政权病危通知书”', '中国台湾网', '988', '2017-05-03 18:55:00', 'http://p3.pstatp.com/list/1dbe0002e5f140ed0286', 'http://p3.pstatp.com/list/1f7b000012cd8fc846bd', 'http://p3.pstatp.com/list/1dca0002e78bd2eb72b6');
INSERT INTO `news` VALUES ('297', '5', 'http://toutiao.com/group/6415733543044907521/', '雄安新区将配套什么水平的医疗教育资源？习近平一句话指明方向', '记录阳光', '73', '2017-05-03 18:55:00', '', '', '');
INSERT INTO `news` VALUES ('298', '5', 'http://toutiao.com/group/6415726313801695490/', '云南27岁在押犯抢车冲破隔离网越狱 曾因贩毒被判无期', '中国青年网', '2510', '2017-05-03 18:45:00', '', '', '');
INSERT INTO `news` VALUES ('299', '5', 'http://toutiao.com/group/6415723185581867266/', '农村故事：农村特种兵美女返乡受欺负，看她是怎么处理的', '爱人终归是风', '22', '2017-05-03 18:35:00', '', '', '');
INSERT INTO `news` VALUES ('300', '5', 'http://dytz.dyjr88.com/template/html/70/5901562963870.html', '本地加微信学炒股，每天免费领3只牛股，不花钱！', '钱坤证券', '2', '2017-05-03 18:25:00', 'http://p1.pstatp.com/list/1dd0000d325465e5da53', 'http://p3.pstatp.com/list/1dd2000d337db0736abb', 'http://p3.pstatp.com/list/1db000153a51c799d2e5');
INSERT INTO `news` VALUES ('301', '6', 'http://toutiao.com/group/6415695724499599617/', '生命最后一刻 战地摄影师记录爆炸瞬间', '东方IC图说国际', '59', '2017-05-03 18:55:00', '', '', '');
INSERT INTO `news` VALUES ('302', '6', 'http://toutiao.com/group/6415816573000679681/', '云南省公安厅A级通缉令', '云南警方', '200', '2017-05-03 18:55:00', '', '', '');
INSERT INTO `news` VALUES ('303', '6', 'http://toutiao.com/group/6415725439562039553/', '世界首台超越早期经典计算机的光量子计算机在中国诞生！', '解放军报融媒体', '2822', '2017-05-03 18:55:00', 'http://p3.pstatp.com/list/1dc80000011d7f3e8890', 'http://p1.pstatp.com/list/1dca0002d636e5b6a91f', 'http://p3.pstatp.com/list/1dc000065a60b760f924');
INSERT INTO `news` VALUES ('304', '6', 'http://m.haiwainet.cn/ttc/3541093/2017/0503/content_30893086_1.html', '570架C919大型客机被谁买走了？', '证券之星', '320', '2017-05-03 18:55:00', '', '', '');
INSERT INTO `news` VALUES ('305', '6', 'http://toutiao.com/group/6415695724499599617/', '生命最后一刻 战地摄影师记录爆炸瞬间', '东方IC图说国际', '59', '2017-05-03 18:55:00', '', '', '');
INSERT INTO `news` VALUES ('306', '6', 'http://toutiao.com/group/6415816573000679681/', '云南省公安厅A级通缉令', '云南警方', '200', '2017-05-03 18:55:00', '', '', '');
INSERT INTO `news` VALUES ('307', '6', 'http://toutiao.com/group/6415725439562039553/', '世界首台超越早期经典计算机的光量子计算机在中国诞生！', '解放军报融媒体', '2822', '2017-05-03 18:55:00', 'http://p3.pstatp.com/list/1dc80000011d7f3e8890', 'http://p1.pstatp.com/list/1dca0002d636e5b6a91f', 'http://p3.pstatp.com/list/1dc000065a60b760f924');
INSERT INTO `news` VALUES ('308', '6', 'http://m.haiwainet.cn/ttc/3541093/2017/0503/content_30893086_1.html', '570架C919大型客机被谁买走了？', '证券之星', '320', '2017-05-03 18:55:00', '', '', '');
INSERT INTO `news` VALUES ('309', '6', 'http://toutiao.com/group/6415608502514008321/', '陈式太极拳传人派弟子约战徐晓冬：如果被KO 退出武术界', '成都商报客户端', '33945', '2017-05-03 18:55:00', 'http://p3.pstatp.com/list/1e1b00062bc320d3930d', 'http://p9.pstatp.com/list/1e1e00016c22f8f79e10', 'http://p2.pstatp.com/list/1e1a0006958e21495f72');
INSERT INTO `news` VALUES ('310', '6', 'http://toutiao.com/group/6415738087691911426/', '这下真坏菜了！上台折腾一年 蔡英文收到“政权病危通知书”', '中国台湾网', '988', '2017-05-03 18:55:00', 'http://p3.pstatp.com/list/1dbe0002e5f140ed0286', 'http://p3.pstatp.com/list/1f7b000012cd8fc846bd', 'http://p3.pstatp.com/list/1dca0002e78bd2eb72b6');
INSERT INTO `news` VALUES ('311', '6', 'http://toutiao.com/group/6415733543044907521/', '雄安新区将配套什么水平的医疗教育资源？习近平一句话指明方向', '记录阳光', '73', '2017-05-03 18:55:00', '', '', '');
INSERT INTO `news` VALUES ('312', '6', 'http://toutiao.com/group/6415726313801695490/', '云南27岁在押犯抢车冲破隔离网越狱 曾因贩毒被判无期', '中国青年网', '2510', '2017-05-03 18:45:00', '', '', '');
INSERT INTO `news` VALUES ('313', '6', 'http://toutiao.com/group/6415723185581867266/', '农村故事：农村特种兵美女返乡受欺负，看她是怎么处理的', '爱人终归是风', '22', '2017-05-03 18:35:00', '', '', '');
INSERT INTO `news` VALUES ('314', '6', 'http://dytz.dyjr88.com/template/html/70/5901562963870.html', '本地加微信学炒股，每天免费领3只牛股，不花钱！', '钱坤证券', '2', '2017-05-03 18:25:00', 'http://p1.pstatp.com/list/1dd0000d325465e5da53', 'http://p3.pstatp.com/list/1dd2000d337db0736abb', 'http://p3.pstatp.com/list/1db000153a51c799d2e5');
INSERT INTO `news` VALUES ('315', '6', 'http://toutiao.com/group/6415695724499599617/', '生命最后一刻 战地摄影师记录爆炸瞬间', '东方IC图说国际', '59', '2017-05-03 18:55:00', '', '', '');
INSERT INTO `news` VALUES ('316', '6', 'http://toutiao.com/group/6415816573000679681/', '云南省公安厅A级通缉令', '云南警方', '200', '2017-05-03 18:55:00', '', '', '');
INSERT INTO `news` VALUES ('317', '6', 'http://toutiao.com/group/6415725439562039553/', '世界首台超越早期经典计算机的光量子计算机在中国诞生！', '解放军报融媒体', '2822', '2017-05-03 18:55:00', 'http://p3.pstatp.com/list/1dc80000011d7f3e8890', 'http://p1.pstatp.com/list/1dca0002d636e5b6a91f', 'http://p3.pstatp.com/list/1dc000065a60b760f924');
INSERT INTO `news` VALUES ('318', '6', 'http://m.haiwainet.cn/ttc/3541093/2017/0503/content_30893086_1.html', '570架C919大型客机被谁买走了？', '证券之星', '320', '2017-05-03 18:55:00', '', '', '');
INSERT INTO `news` VALUES ('319', '6', 'http://toutiao.com/group/6415608502514008321/', '陈式太极拳传人派弟子约战徐晓冬：如果被KO 退出武术界', '成都商报客户端', '33945', '2017-05-03 18:55:00', 'http://p3.pstatp.com/list/1e1b00062bc320d3930d', 'http://p9.pstatp.com/list/1e1e00016c22f8f79e10', 'http://p2.pstatp.com/list/1e1a0006958e21495f72');
INSERT INTO `news` VALUES ('320', '6', 'http://toutiao.com/group/6415738087691911426/', '这下真坏菜了！上台折腾一年 蔡英文收到“政权病危通知书”', '中国台湾网', '988', '2017-05-03 18:55:00', 'http://p3.pstatp.com/list/1dbe0002e5f140ed0286', 'http://p3.pstatp.com/list/1f7b000012cd8fc846bd', 'http://p3.pstatp.com/list/1dca0002e78bd2eb72b6');
INSERT INTO `news` VALUES ('321', '6', 'http://toutiao.com/group/6415733543044907521/', '雄安新区将配套什么水平的医疗教育资源？习近平一句话指明方向', '记录阳光', '73', '2017-05-03 18:55:00', '', '', '');
INSERT INTO `news` VALUES ('322', '6', 'http://toutiao.com/group/6415726313801695490/', '云南27岁在押犯抢车冲破隔离网越狱 曾因贩毒被判无期', '中国青年网', '2510', '2017-05-03 18:45:00', '', '', '');
INSERT INTO `news` VALUES ('323', '6', 'http://toutiao.com/group/6415723185581867266/', '农村故事：农村特种兵美女返乡受欺负，看她是怎么处理的', '爱人终归是风', '22', '2017-05-03 18:35:00', '', '', '');
INSERT INTO `news` VALUES ('324', '6', 'http://dytz.dyjr88.com/template/html/70/5901562963870.html', '本地加微信学炒股，每天免费领3只牛股，不花钱！', '钱坤证券', '2', '2017-05-03 18:25:00', 'http://p1.pstatp.com/list/1dd0000d325465e5da53', 'http://p3.pstatp.com/list/1dd2000d337db0736abb', 'http://p3.pstatp.com/list/1db000153a51c799d2e5');
INSERT INTO `news` VALUES ('325', '6', 'http://toutiao.com/group/6415695724499599617/', '生命最后一刻 战地摄影师记录爆炸瞬间', '东方IC图说国际', '59', '2017-05-03 18:55:00', '', '', '');
INSERT INTO `news` VALUES ('326', '6', 'http://toutiao.com/group/6415816573000679681/', '云南省公安厅A级通缉令', '云南警方', '200', '2017-05-03 18:55:00', '', '', '');
INSERT INTO `news` VALUES ('327', '6', 'http://toutiao.com/group/6415725439562039553/', '世界首台超越早期经典计算机的光量子计算机在中国诞生！', '解放军报融媒体', '2822', '2017-05-03 18:55:00', 'http://p3.pstatp.com/list/1dc80000011d7f3e8890', 'http://p1.pstatp.com/list/1dca0002d636e5b6a91f', 'http://p3.pstatp.com/list/1dc000065a60b760f924');
INSERT INTO `news` VALUES ('328', '6', 'http://m.haiwainet.cn/ttc/3541093/2017/0503/content_30893086_1.html', '570架C919大型客机被谁买走了？', '证券之星', '320', '2017-05-03 18:55:00', '', '', '');
INSERT INTO `news` VALUES ('329', '6', 'http://toutiao.com/group/6415695724499599617/', '生命最后一刻 战地摄影师记录爆炸瞬间', '东方IC图说国际', '59', '2017-05-03 18:55:00', '', '', '');
INSERT INTO `news` VALUES ('330', '6', 'http://toutiao.com/group/6415816573000679681/', '云南省公安厅A级通缉令', '云南警方', '200', '2017-05-03 18:55:00', '', '', '');
INSERT INTO `news` VALUES ('331', '6', 'http://toutiao.com/group/6415725439562039553/', '世界首台超越早期经典计算机的光量子计算机在中国诞生！', '解放军报融媒体', '2822', '2017-05-03 18:55:00', 'http://p3.pstatp.com/list/1dc80000011d7f3e8890', 'http://p1.pstatp.com/list/1dca0002d636e5b6a91f', 'http://p3.pstatp.com/list/1dc000065a60b760f924');
INSERT INTO `news` VALUES ('332', '6', 'http://m.haiwainet.cn/ttc/3541093/2017/0503/content_30893086_1.html', '570架C919大型客机被谁买走了？', '证券之星', '320', '2017-05-03 18:55:00', '', '', '');
INSERT INTO `news` VALUES ('333', '6', 'http://toutiao.com/group/6415608502514008321/', '陈式太极拳传人派弟子约战徐晓冬：如果被KO 退出武术界', '成都商报客户端', '33945', '2017-05-03 18:55:00', 'http://p3.pstatp.com/list/1e1b00062bc320d3930d', 'http://p9.pstatp.com/list/1e1e00016c22f8f79e10', 'http://p2.pstatp.com/list/1e1a0006958e21495f72');
INSERT INTO `news` VALUES ('334', '6', 'http://toutiao.com/group/6415738087691911426/', '这下真坏菜了！上台折腾一年 蔡英文收到“政权病危通知书”', '中国台湾网', '988', '2017-05-03 18:55:00', 'http://p3.pstatp.com/list/1dbe0002e5f140ed0286', 'http://p3.pstatp.com/list/1f7b000012cd8fc846bd', 'http://p3.pstatp.com/list/1dca0002e78bd2eb72b6');
INSERT INTO `news` VALUES ('335', '6', 'http://toutiao.com/group/6415733543044907521/', '雄安新区将配套什么水平的医疗教育资源？习近平一句话指明方向', '记录阳光', '73', '2017-05-03 18:55:00', '', '', '');
INSERT INTO `news` VALUES ('336', '6', 'http://toutiao.com/group/6415726313801695490/', '云南27岁在押犯抢车冲破隔离网越狱 曾因贩毒被判无期', '中国青年网', '2510', '2017-05-03 18:45:00', '', '', '');
INSERT INTO `news` VALUES ('337', '6', 'http://toutiao.com/group/6415723185581867266/', '农村故事：农村特种兵美女返乡受欺负，看她是怎么处理的', '爱人终归是风', '22', '2017-05-03 18:35:00', '', '', '');
INSERT INTO `news` VALUES ('338', '6', 'http://dytz.dyjr88.com/template/html/70/5901562963870.html', '本地加微信学炒股，每天免费领3只牛股，不花钱！', '钱坤证券', '2', '2017-05-03 18:25:00', 'http://p1.pstatp.com/list/1dd0000d325465e5da53', 'http://p3.pstatp.com/list/1dd2000d337db0736abb', 'http://p3.pstatp.com/list/1db000153a51c799d2e5');
INSERT INTO `news` VALUES ('339', '6', 'http://toutiao.com/group/6415695724499599617/', '生命最后一刻 战地摄影师记录爆炸瞬间', '东方IC图说国际', '59', '2017-05-03 18:55:00', '', '', '');
INSERT INTO `news` VALUES ('340', '6', 'http://toutiao.com/group/6415816573000679681/', '云南省公安厅A级通缉令', '云南警方', '200', '2017-05-03 18:55:00', '', '', '');
INSERT INTO `news` VALUES ('341', '6', 'http://toutiao.com/group/6415725439562039553/', '世界首台超越早期经典计算机的光量子计算机在中国诞生！', '解放军报融媒体', '2822', '2017-05-03 18:55:00', 'http://p3.pstatp.com/list/1dc80000011d7f3e8890', 'http://p1.pstatp.com/list/1dca0002d636e5b6a91f', 'http://p3.pstatp.com/list/1dc000065a60b760f924');
INSERT INTO `news` VALUES ('342', '6', 'http://m.haiwainet.cn/ttc/3541093/2017/0503/content_30893086_1.html', '570架C919大型客机被谁买走了？', '证券之星', '320', '2017-05-03 18:55:00', '', '', '');
INSERT INTO `news` VALUES ('343', '6', 'http://toutiao.com/group/6415608502514008321/', '陈式太极拳传人派弟子约战徐晓冬：如果被KO 退出武术界', '成都商报客户端', '33945', '2017-05-03 18:55:00', 'http://p3.pstatp.com/list/1e1b00062bc320d3930d', 'http://p9.pstatp.com/list/1e1e00016c22f8f79e10', 'http://p2.pstatp.com/list/1e1a0006958e21495f72');
INSERT INTO `news` VALUES ('344', '6', 'http://toutiao.com/group/6415738087691911426/', '这下真坏菜了！上台折腾一年 蔡英文收到“政权病危通知书”', '中国台湾网', '988', '2017-05-03 18:55:00', 'http://p3.pstatp.com/list/1dbe0002e5f140ed0286', 'http://p3.pstatp.com/list/1f7b000012cd8fc846bd', 'http://p3.pstatp.com/list/1dca0002e78bd2eb72b6');
INSERT INTO `news` VALUES ('345', '6', 'http://toutiao.com/group/6415733543044907521/', '雄安新区将配套什么水平的医疗教育资源？习近平一句话指明方向', '记录阳光', '73', '2017-05-03 18:55:00', '', '', '');
INSERT INTO `news` VALUES ('346', '6', 'http://toutiao.com/group/6415726313801695490/', '云南27岁在押犯抢车冲破隔离网越狱 曾因贩毒被判无期', '中国青年网', '2510', '2017-05-03 18:45:00', '', '', '');
INSERT INTO `news` VALUES ('347', '6', 'http://toutiao.com/group/6415723185581867266/', '农村故事：农村特种兵美女返乡受欺负，看她是怎么处理的', '爱人终归是风', '22', '2017-05-03 18:35:00', '', '', '');
INSERT INTO `news` VALUES ('348', '6', 'http://dytz.dyjr88.com/template/html/70/5901562963870.html', '本地加微信学炒股，每天免费领3只牛股，不花钱！', '钱坤证券', '2', '2017-05-03 18:25:00', 'http://p1.pstatp.com/list/1dd0000d325465e5da53', 'http://p3.pstatp.com/list/1dd2000d337db0736abb', 'http://p3.pstatp.com/list/1db000153a51c799d2e5');
INSERT INTO `news` VALUES ('349', '6', 'http://toutiao.com/group/6415695724499599617/', '生命最后一刻 战地摄影师记录爆炸瞬间', '东方IC图说国际', '59', '2017-05-03 18:55:00', '', '', '');
INSERT INTO `news` VALUES ('350', '6', 'http://toutiao.com/group/6415816573000679681/', '云南省公安厅A级通缉令', '云南警方', '200', '2017-05-03 18:55:00', '', '', '');
INSERT INTO `news` VALUES ('351', '6', 'http://toutiao.com/group/6415725439562039553/', '世界首台超越早期经典计算机的光量子计算机在中国诞生！', '解放军报融媒体', '2822', '2017-05-03 18:55:00', 'http://p3.pstatp.com/list/1dc80000011d7f3e8890', 'http://p1.pstatp.com/list/1dca0002d636e5b6a91f', 'http://p3.pstatp.com/list/1dc000065a60b760f924');
INSERT INTO `news` VALUES ('352', '6', 'http://m.haiwainet.cn/ttc/3541093/2017/0503/content_30893086_1.html', '570架C919大型客机被谁买走了？', '证券之星', '320', '2017-05-03 18:55:00', '', '', '');

-- ----------------------------
-- Table structure for `user`
-- ----------------------------
DROP TABLE IF EXISTS `user`;
CREATE TABLE `user` (
  `id` int(11) NOT NULL AUTO_INCREMENT,
  `telephone` varchar(255) NOT NULL,
  `userName` varchar(255) DEFAULT NULL,
  `password` varchar(255) NOT NULL,
  `description` varchar(255) DEFAULT NULL,
  `profilePhotoURL` varchar(255) DEFAULT NULL,
  PRIMARY KEY (`id`)
) ENGINE=InnoDB AUTO_INCREMENT=4 DEFAULT CHARSET=utf8;

-- ----------------------------
-- Records of user
-- ----------------------------
INSERT INTO `user` VALUES ('1', '15158198908', 'yyf', 'aaa123456', '我是yyf', 'http://img1.skqkw.cn:888/2014/11/26/08t/fj2d1xqvj1k-75634.jpg');
INSERT INTO `user` VALUES ('2', '15158198909', 'llw', 'a123456', '我是llw', 'http://dynamic-image.yesky.com/600x-/uploadImages/upload/20141120/zhnygl4v2ckjpg.jpg');
INSERT INTO `user` VALUES ('3', '15158198910', 'ht', 'a123456', '我是ht', 'http://e.hiphotos.baidu.com/zhidao/wh%3D450%2C600/sign=0197b59000087bf47db95fedc7e37b1a/38dbb6fd5266d016152614f3952bd40735fa3529.jpg');
